Family	A11	A12	A13	A22	A23	AD11	AD12	AD13	AD21	AD22	AD23	taxonomy
Acidobacteriaceae	0	0	0	0	0	0	0	0	0	0	0	k__Bacteria;p__Acidobacteria;c__Acidobacteriia;o__Acidobacteriales;f__Acidobacteriaceae
Bryobacteraceae	0	0	0	0	0	0	0	0	0	0	0	k__Bacteria;p__Acidobacteria;c__Acidobacteriia;o__Bryobacterales;f__Bryobacteraceae
Acanthopleuribacteraceae	2.93E-07	0	0	8.73E-07	2.88E-06	0	0	3.23E-07	7.55E-07	6.10E-07	3.38E-07	k__Bacteria;p__Acidobacteria;c__Holophagae;o__Acanthopleuribacterales;f__Acanthopleuribacteraceae
Holophagaceae	0	0	0	0	0	0	0	0	0	0	0	k__Bacteria;p__Acidobacteria;c__Holophagae;o__Holophagales;f__Holophagaceae
Vicinamibacteraceae	2.64E-06	2.67E-06	2.46E-06	0	0	4.48E-06	2.27E-06	1.94E-06	0	9.15E-07	0	k__Bacteria;p__Acidobacteria;c__Vicinamibacteria;o__Vicinamibacterales;f__Vicinamibacteraceae
Acidimicrobiaceae	0	3.34E-07	0	0	0	0	0	0	0	0	0	k__Bacteria;p__Actinobacteria;c__Acidimicrobiia;o__Acidimicrobiales;f__Acidimicrobiaceae
Iamiaceae	4.05E-05	3.91E-05	5.58E-05	0.000696255	0.000625954	6.10E-05	6.14E-05	4.27E-05	3.60E-05	3.97E-05	1.06E-05	k__Bacteria;p__Actinobacteria;c__Acidimicrobiia;o__Acidimicrobiales;f__Iamiaceae
Ilumatobacteraceae	0.000657408	0.00054473	0.000799634	0.002278653	0.001975938	0.001087307	0.000985521	0.000684638	0.000948951	0.000546261	0.000278823	k__Bacteria;p__Actinobacteria;c__Acidimicrobiia;o__Acidimicrobiales;f__Ilumatobacteraceae
Actinomycetaceae	1.38E-05	5.67E-05	8.06E-05	0.00021477	0.000154806	6.48E-05	8.06E-05	7.47E-05	4.88E-05	3.84E-05	1.23E-05	k__Bacteria;p__Actinobacteria;c__Actinomycetia;o__Actinomycetales;f__Actinomycetaceae
Bifidobacteriaceae	2.55E-05	0.000126169	8.36E-05	0.000324337	0.002758621	6.69E-05	0.000133547	8.37E-05	0.000100711	3.45E-05	4.07E-05	k__Bacteria;p__Actinobacteria;c__Actinomycetia;o__Bifidobacteriales;f__Bifidobacteriaceae
Candidatus_Actinomarinaceae	2.93E-07	0	0	0	0	0	3.25E-07	0	5.04E-07	0	1.69E-07	k__Bacteria;p__Actinobacteria;c__Actinomycetia;o__Candidatus_Actinomarinales;f__Candidatus_Actinomarinaceae
Candidatus_Nanopelagicaceae	0	0	0	0	0	0	0	0.000182635	0	0	0	k__Bacteria;p__Actinobacteria;c__Actinomycetia;o__Candidatus_Nanopelagicales;f__Candidatus_Nanopelagicaceae
Catenulisporaceae	0	0	0	0	0	0	0	0	2.52E-07	0	0	k__Bacteria;p__Actinobacteria;c__Actinomycetia;o__Catenulisporales;f__Catenulisporaceae
Corynebacteriaceae	2.70E-05	1.57E-05	1.64E-06	0.000116115	0.001017776	0.000229596	0.000244674	6.40E-05	5.36E-05	2.29E-05	6.03E-05	k__Bacteria;p__Actinobacteria;c__Actinomycetia;o__Corynebacteriales;f__Corynebacteriaceae
Dietziaceae	7.42E-05	2.34E-05	0.000102209	3.45E-05	1.92E-05	0.000115143	0.000158567	0.000324217	1.69E-05	1.71E-05	5.74E-06	k__Bacteria;p__Actinobacteria;c__Actinomycetia;o__Corynebacteriales;f__Dietziaceae
Gordoniaceae	0.000174175	6.07E-05	2.65E-05	8.56E-05	0.000238939	0.002322163	1.85E-05	0	3.15E-05	3.29E-05	1.57E-05	k__Bacteria;p__Actinobacteria;c__Actinomycetia;o__Corynebacteriales;f__Gordoniaceae
Lawsonellaceae	0	0	0	0	0	0	0	0	0	0	0	k__Bacteria;p__Actinobacteria;c__Actinomycetia;o__Corynebacteriales;f__Lawsonellaceae
Mycobacteriaceae	0.000845071	0.000905214	0.000965791	0.001156351	0.001447579	0.000294407	0.000292115	7.40E-05	0.000251022	0.000243698	5.91E-05	k__Bacteria;p__Actinobacteria;c__Actinomycetia;o__Corynebacteriales;f__Mycobacteriaceae
Nocardiaceae	6.42E-05	0.000113486	0.000247324	8.69E-05	0.000189902	5.52E-05	4.68E-05	0.000108934	6.82E-05	7.08E-05	4.10E-05	k__Bacteria;p__Actinobacteria;c__Actinomycetia;o__Corynebacteriales;f__Nocardiaceae
Tsukamurellaceae	0	0	0	2.62E-06	1.15E-05	4.83E-06	1.10E-05	0	2.27E-06	1.83E-06	1.01E-06	k__Bacteria;p__Actinobacteria;c__Actinomycetia;o__Corynebacteriales;f__Tsukamurellaceae
Frankiaceae	0	1.34E-06	0	1.31E-06	1.44E-06	8.27E-06	0	0	0	0	0	k__Bacteria;p__Actinobacteria;c__Actinomycetia;o__Frankiales;f__Frankiaceae
Geodermatophilaceae	8.77E-05	8.51E-05	0.000154133	4.80E-05	2.69E-05	0.000136517	0.00021608	7.31E-05	1.03E-05	5.19E-06	2.70E-06	k__Bacteria;p__Actinobacteria;c__Actinomycetia;o__Geodermatophilales;f__Geodermatophilaceae
Glycomycetaceae	0	0	0	0	0	0	0	0	0	0	0	k__Bacteria;p__Actinobacteria;c__Actinomycetia;o__Glycomycetales;f__Glycomycetaceae
Jiangellaceae	0	0	0	0	1.44E-06	0	0	4.20E-06	0	0	0	k__Bacteria;p__Actinobacteria;c__Actinomycetia;o__Jiangellales;f__Jiangellaceae
Kineosporiaceae	0	0	7.11E-06	0	0	3.45E-06	0	1.00E-05	2.27E-06	0	0	k__Bacteria;p__Actinobacteria;c__Actinomycetia;o__Kineosporiales;f__Kineosporiaceae
Beutenbergiaceae	0	1.23E-05	1.45E-05	3.14E-05	5.53E-05	0	5.59E-05	0	1.01E-05	7.02E-06	6.08E-06	k__Bacteria;p__Actinobacteria;c__Actinomycetia;o__Micrococcales;f__Beutenbergiaceae
Bogoriellaceae	0	0	4.10E-06	0	0	0	0	0	0	0	0	k__Bacteria;p__Actinobacteria;c__Actinomycetia;o__Micrococcales;f__Bogoriellaceae
Brevibacteriaceae	0.000101455	0.000144861	4.35E-05	8.64E-05	0.000167306	0.000359908	9.78E-05	0.000143522	7.15E-05	4.88E-06	8.78E-06	k__Bacteria;p__Actinobacteria;c__Actinomycetia;o__Micrococcales;f__Brevibacteriaceae
Cellulomonadaceae	0	8.01E-06	3.28E-06	8.29E-06	2.55E-05	0	2.11E-05	1.26E-05	6.29E-06	4.58E-06	3.21E-06	k__Bacteria;p__Actinobacteria;c__Actinomycetia;o__Micrococcales;f__Cellulomonadaceae
Dermabacteraceae	4.72E-05	0	5.47E-06	0	0.000209132	0	1.62E-06	0	1.26E-06	3.05E-07	0	k__Bacteria;p__Actinobacteria;c__Actinomycetia;o__Micrococcales;f__Dermabacteraceae
Dermacoccaceae	1.47E-06	2.27E-05	8.20E-06	7.42E-06	1.68E-05	2.52E-05	0	4.20E-06	2.17E-05	6.41E-06	1.69E-06	k__Bacteria;p__Actinobacteria;c__Actinomycetia;o__Micrococcales;f__Dermacoccaceae
Dermatophilaceae	0	1.13E-05	1.39E-05	6.15E-05	8.37E-05	4.83E-06	2.53E-05	1.49E-05	3.02E-05	1.22E-05	5.91E-06	k__Bacteria;p__Actinobacteria;c__Actinomycetia;o__Micrococcales;f__Dermatophilaceae
Intrasporangiaceae	9.03E-05	0.00090755	5.14E-05	6.68E-05	6.63E-05	0.001573734	0.000164091	0.000102793	1.89E-05	1.74E-05	4.90E-06	k__Bacteria;p__Actinobacteria;c__Actinomycetia;o__Micrococcales;f__Intrasporangiaceae
Jonesiaceae	0	0	0	0	0	0	0	0	0	0	0	k__Bacteria;p__Actinobacteria;c__Actinomycetia;o__Micrococcales;f__Jonesiaceae
Kytococcaceae	0	0	0	0	0	0	0	0	0	0	0	k__Bacteria;p__Actinobacteria;c__Actinomycetia;o__Micrococcales;f__Kytococcaceae
Microbacteriaceae	0.000365943	0.000263019	0.000243498	0.000451802	0.000813452	0.000194088	0.000388945	0.00024987	0.00028325	0.000129321	8.71E-05	k__Bacteria;p__Actinobacteria;c__Actinomycetia;o__Micrococcales;f__Microbacteriaceae
Micrococcaceae	0.000487631	0.000742996	0.001264219	0.000729867	0.000928354	0.000511593	0.001514512	0.00092966	0.000638257	0.000350754	0.000227314	k__Bacteria;p__Actinobacteria;c__Actinomycetia;o__Micrococcales;f__Micrococcaceae
Ornithinimicrobiaceae	3.52E-05	8.34E-06	4.95E-05	2.66E-05	1.25E-05	1.72E-05	2.99E-05	1.49E-05	5.29E-06	5.49E-06	1.01E-06	k__Bacteria;p__Actinobacteria;c__Actinomycetia;o__Micrococcales;f__Ornithinimicrobiaceae
Promicromonosporaceae	8.06E-05	3.74E-05	1.28E-05	0	7.69E-06	0	3.57E-06	1.62E-05	0	0	0	k__Bacteria;p__Actinobacteria;c__Actinomycetia;o__Micrococcales;f__Promicromonosporaceae
Ruaniaceae	1.47E-06	0	0	0	9.62E-07	1.38E-06	0	0	0	0	0	k__Bacteria;p__Actinobacteria;c__Actinomycetia;o__Micrococcales;f__Ruaniaceae
Micromonosporaceae	4.28E-05	0.000659885	4.04E-05	4.58E-05	0.000140864	5.21E-05	5.46E-05	4.01E-05	2.29E-05	1.19E-05	4.05E-06	k__Bacteria;p__Actinobacteria;c__Actinomycetia;o__Micromonosporales;f__Micromonosporaceae
Nakamurellaceae	1.23E-05	1.77E-05	5.74E-05	7.42E-05	0.000143268	6.55E-06	7.47E-06	0	2.06E-05	1.92E-05	1.03E-05	k__Bacteria;p__Actinobacteria;c__Actinomycetia;o__Nakamurellales;f__Nakamurellaceae
Nocardioidaceae	0.002533455	0.00321431	0.004330484	0.003150391	0.005159073	0.003247787	0.005162858	0.003258335	0.001053187	0.000709437	0.000300609	k__Bacteria;p__Actinobacteria;c__Actinomycetia;o__Propionibacteriales;f__Nocardioidaceae
Propionibacteriaceae	0.001069974	0.000954947	0.001515915	0.00334508	0.005098496	0.001550981	0.002003861	0.001185025	0.001064265	0.000749698	0.000432167	k__Bacteria;p__Actinobacteria;c__Actinomycetia;o__Propionibacteriales;f__Propionibacteriaceae
Pseudonocardiaceae	2.64E-06	1.50E-05	3.25E-05	5.67E-06	1.11E-05	2.41E-06	2.01E-05	3.81E-05	3.52E-06	2.14E-06	5.07E-07	k__Bacteria;p__Actinobacteria;c__Actinomycetia;o__Pseudonocardiales;f__Pseudonocardiaceae
Sporichthyaceae	0	0	0	0	0	0	0	0	0	0	0	k__Bacteria;p__Actinobacteria;c__Actinomycetia;o__Sporichthyales;f__Sporichthyaceae
Streptomycetaceae	9.32E-05	8.28E-05	9.32E-05	8.86E-05	0.000134614	0.000103766	0.000144595	8.21E-05	5.59E-05	3.75E-05	1.99E-05	k__Bacteria;p__Actinobacteria;c__Actinomycetia;o__Streptomycetales;f__Streptomycetaceae
Nocardiopsaceae	7.62E-06	0	9.02E-06	2.01E-05	2.60E-05	0	2.40E-05	8.40E-06	2.01E-06	3.05E-06	1.18E-06	k__Bacteria;p__Actinobacteria;c__Actinomycetia;o__Streptosporangiales;f__Nocardiopsaceae
Streptosporangiaceae	1.76E-06	4.01E-06	7.38E-06	4.37E-06	1.59E-05	4.83E-06	0	3.23E-06	3.27E-06	9.15E-07	6.76E-07	k__Bacteria;p__Actinobacteria;c__Actinomycetia;o__Streptosporangiales;f__Streptosporangiaceae
Thermomonosporaceae	2.93E-06	0	0	1.75E-06	6.73E-06	2.41E-06	0	0	7.55E-07	9.15E-07	3.38E-07	k__Bacteria;p__Actinobacteria;c__Actinomycetia;o__Streptosporangiales;f__Thermomonosporaceae
Atopobiaceae	2.93E-07	6.68E-07	0	1.18E-05	1.63E-05	0	1.62E-06	0	8.31E-06	0	5.07E-07	k__Bacteria;p__Actinobacteria;c__Coriobacteriia;o__Coriobacteriales;f__Atopobiaceae
Coriobacteriaceae	6.60E-05	0.000704278	8.34E-05	0.000110004	0.00317352	0.000185814	3.64E-05	0.000153543	9.57E-06	1.98E-05	9.12E-06	k__Bacteria;p__Actinobacteria;c__Coriobacteriia;o__Coriobacteriales;f__Coriobacteriaceae
Eggerthellaceae	1.11E-05	1.64E-05	1.28E-05	6.55E-06	7.26E-05	2.28E-05	5.85E-06	1.26E-05	2.52E-07	3.05E-06	5.07E-07	k__Bacteria;p__Actinobacteria;c__Coriobacteriia;o__Eggerthellales;f__Eggerthellaceae
Egibacteraceae	0	1.34E-06	0	0	0	0	0	0	0	0	0	k__Bacteria;p__Actinobacteria;c__Nitriliruptoria;o__Egibacterales;f__Egibacteraceae
Egicoccaceae	0	0	0	0	8.17E-06	6.55E-06	0	1.29E-06	5.04E-07	0	0	k__Bacteria;p__Actinobacteria;c__Nitriliruptoria;o__Egicoccales;f__Egicoccaceae
Euzebyaceae	8.71E-05	0.000117157	0.000128171	0.000463152	0.000696145	0.00012583	0.000133872	9.05E-05	0.000107509	0.000110411	3.75E-05	k__Bacteria;p__Actinobacteria;c__Nitriliruptoria;o__Euzebyales;f__Euzebyaceae
Baekduiaceae	0	0	0	0	4.81E-06	0	0	0	0	0	0	k__Bacteria;p__Actinobacteria;c__Rubrobacteria;o__Rubrobacterales;f__Baekduiaceae
Rubrobacteraceae	0	3.34E-07	2.46E-06	4.37E-07	2.40E-06	1.38E-06	3.25E-06	0	2.52E-07	0	0	k__Bacteria;p__Actinobacteria;c__Rubrobacteria;o__Rubrobacterales;f__Rubrobacteraceae
Miltoncostaeaceae	9.38E-06	2.34E-06	2.46E-06	2.14E-05	2.64E-05	6.55E-06	2.27E-06	7.43E-06	6.55E-06	2.14E-06	4.39E-06	k__Bacteria;p__Actinobacteria;c__Thermoleophilia;o__Miltoncostaeales;f__Miltoncostaeaceae
Conexibacteraceae	0	0	0	0.001213099	3.85E-06	0	4.55E-06	0	0	2.75E-06	0	k__Bacteria;p__Actinobacteria;c__Thermoleophilia;o__Solirubrobacterales;f__Conexibacteraceae
Hydrogenothermaceae	0	0	2.73E-07	0	0	0	0	0	0	0	0	k__Bacteria;p__Aquificae;c__Aquificae;o__Aquificales;f__Hydrogenothermaceae
Bacteroidaceae	0.00011729	0.000126837	0.000162878	0.000298582	0.006333578	0.000170991	0.00012185	0.000215283	7.81E-05	0.000280908	5.57E-05	k__Bacteria;p__Bacteroidetes;c__Bacteroidia;o__Bacteroidales;f__Bacteroidaceae
Barnesiellaceae	0	0	0	0	0	0	0	0	0	0	0	k__Bacteria;p__Bacteroidetes;c__Bacteroidia;o__Bacteroidales;f__Barnesiellaceae
Dysgonomonadaceae	8.80E-07	1.00E-06	3.01E-06	2.14E-05	6.92E-05	2.41E-06	5.52E-06	9.70E-07	2.01E-06	1.01E-05	8.44E-07	k__Bacteria;p__Bacteroidetes;c__Bacteroidia;o__Bacteroidales;f__Dysgonomonadaceae
Muribaculaceae	0	0	0	0	0	0	3.25E-07	0	2.52E-07	0	0	k__Bacteria;p__Bacteroidetes;c__Bacteroidia;o__Bacteroidales;f__Muribaculaceae
Odoribacteraceae	0	6.34E-06	1.37E-06	0	1.92E-05	1.03E-06	0	0	0	6.10E-07	0	k__Bacteria;p__Bacteroidetes;c__Bacteroidia;o__Bacteroidales;f__Odoribacteraceae
Paludibacteraceae	0	0	0	0	0	0	0	0	2.52E-07	3.05E-07	0	k__Bacteria;p__Bacteroidetes;c__Bacteroidia;o__Bacteroidales;f__Paludibacteraceae
Porphyromonadaceae	0	0	0	0	9.62E-07	0	0	0	0	3.05E-07	0	k__Bacteria;p__Bacteroidetes;c__Bacteroidia;o__Bacteroidales;f__Porphyromonadaceae
Prevotellaceae	3.81E-05	3.74E-05	2.79E-05	1.75E-06	2.64E-05	5.48E-05	2.96E-05	8.24E-05	8.81E-06	3.66E-06	3.38E-06	k__Bacteria;p__Bacteroidetes;c__Bacteroidia;o__Bacteroidales;f__Prevotellaceae
Rikenellaceae	0	3.00E-05	9.02E-06	0	8.56E-05	1.62E-05	1.17E-05	2.59E-06	0	0	0	k__Bacteria;p__Bacteroidetes;c__Bacteroidia;o__Bacteroidales;f__Rikenellaceae
Salinivirgaceae	5.86E-07	6.68E-07	1.37E-06	1.75E-06	2.88E-06	6.89E-07	3.25E-07	0	2.52E-07	6.10E-07	3.38E-07	k__Bacteria;p__Bacteroidetes;c__Bacteroidia;o__Bacteroidales;f__Salinivirgaceae
Tannerellaceae	1.73E-05	1.97E-05	1.34E-05	2.27E-05	0.000308169	7.58E-06	1.59E-05	1.33E-05	1.28E-05	1.13E-05	1.15E-05	k__Bacteria;p__Bacteroidetes;c__Bacteroidia;o__Bacteroidales;f__Tannerellaceae
Tenuifilaceae	2.93E-07	0	0	4.37E-07	2.40E-06	0	0	0	0	0	5.07E-07	k__Bacteria;p__Bacteroidetes;c__Bacteroidia;o__Bacteroidales;f__Tenuifilaceae
Marinifilaceae	0.00011641	0.000129173	0.000106035	0.001694148	0.003576399	0.000214428	0.000165716	0.000215283	0.000924528	0.002630348	0.000687347	k__Bacteria;p__Bacteroidetes;c__Bacteroidia;o__Marinilabiliales;f__Marinifilaceae
Marinilabiliaceae	8.80E-07	6.68E-07	1.37E-06	2.18E-06	2.40E-06	6.89E-07	3.25E-07	1.29E-06	2.52E-07	3.36E-06	2.03E-06	k__Bacteria;p__Bacteroidetes;c__Bacteroidia;o__Marinilabiliales;f__Marinilabiliaceae
Prolixibacteraceae	9.62E-05	9.38E-05	9.92E-05	0.000263224	0.000506244	0.000120314	0.000111452	0.000145785	0.000105243	0.000297073	9.74E-05	k__Bacteria;p__Bacteroidetes;c__Bacteroidia;o__Marinilabiliales;f__Prolixibacteraceae
Chitinophagaceae	2.05E-06	2.34E-06	2.19E-06	8.73E-07	2.40E-06	0	6.17E-06	4.53E-06	0	0	0	k__Bacteria;p__Bacteroidetes;c__Chitinophagia;o__Chitinophagales;f__Chitinophagaceae
Amoebophilaceae	0	3.34E-07	0	0	0	1.03E-06	0	0	0	0	0	k__Bacteria;p__Bacteroidetes;c__Cytophagia;o__Cytophagales;f__Amoebophilaceae
Bernardetiaceae	2.76E-05	3.07E-05	2.81E-05	4.76E-05	3.22E-05	3.10E-05	2.53E-05	3.14E-05	7.55E-06	1.77E-05	2.20E-05	k__Bacteria;p__Bacteroidetes;c__Cytophagia;o__Cytophagales;f__Bernardetiaceae
Cyclobacteriaceae	0.004724424	0.004480341	0.004900012	0.032206273	0.020235814	0.006129807	0.006692967	0.010081765	0.001650152	0.001807144	0.000838158	k__Bacteria;p__Bacteroidetes;c__Cytophagia;o__Cytophagales;f__Cyclobacteriaceae
Cytophagaceae	2.46E-05	6.34E-06	1.83E-05	0.000108694	2.88E-06	1.14E-05	7.80E-06	1.10E-05	2.27E-06	9.15E-07	1.52E-06	k__Bacteria;p__Bacteroidetes;c__Cytophagia;o__Cytophagales;f__Cytophagaceae
Flammeovirgaceae	3.23E-06	2.00E-06	2.19E-06	2.62E-06	2.88E-06	1.03E-06	1.62E-06	6.79E-06	2.01E-06	3.36E-06	2.03E-06	k__Bacteria;p__Bacteroidetes;c__Cytophagia;o__Cytophagales;f__Flammeovirgaceae
Fulvivirgaceae	1.47E-06	1.67E-06	2.73E-06	5.24E-06	3.37E-06	3.10E-06	4.87E-06	2.26E-06	9.06E-06	7.63E-06	8.44E-07	k__Bacteria;p__Bacteroidetes;c__Cytophagia;o__Cytophagales;f__Fulvivirgaceae
Hymenobacteraceae	8.80E-07	2.34E-06	0	2.62E-06	9.62E-07	3.45E-07	0	6.46E-07	0	0	3.38E-07	k__Bacteria;p__Bacteroidetes;c__Cytophagia;o__Cytophagales;f__Hymenobacteraceae
Mangrovivirgaceae	1.47E-06	3.34E-07	1.37E-06	8.73E-07	9.62E-07	1.38E-06	9.75E-07	9.70E-07	5.04E-07	9.15E-07	0	k__Bacteria;p__Bacteroidetes;c__Cytophagia;o__Cytophagales;f__Mangrovivirgaceae
Marivirgaceae	5.28E-06	2.34E-06	5.74E-06	6.98E-06	3.37E-06	3.79E-06	7.47E-06	9.37E-06	2.52E-06	3.36E-06	1.86E-06	k__Bacteria;p__Bacteroidetes;c__Cytophagia;o__Cytophagales;f__Marivirgaceae
Persicobacteraceae	1.47E-06	3.34E-06	4.37E-06	3.93E-06	8.17E-06	3.10E-06	1.30E-06	2.59E-06	2.01E-06	8.24E-06	2.20E-06	k__Bacteria;p__Bacteroidetes;c__Cytophagia;o__Cytophagales;f__Persicobacteraceae
Spirosomaceae	0.000257157	0.000181911	0.000264267	2.36E-05	1.68E-05	0.000449195	0.000100079	0.00031452	9.32E-06	1.74E-05	8.61E-06	k__Bacteria;p__Bacteroidetes;c__Cytophagia;o__Cytophagales;f__Spirosomaceae
Blattabacteriaceae	2.93E-07	0	0	0	0	0	0	3.23E-07	5.04E-07	0	0	k__Bacteria;p__Bacteroidetes;c__Flavobacteriia;o__Flavobacteriales;f__Blattabacteriaceae
Crocinitomicaceae	2.35E-05	2.90E-05	2.84E-05	2.44E-05	1.87E-05	2.86E-05	2.89E-05	3.62E-05	1.51E-06	6.10E-07	6.76E-07	k__Bacteria;p__Bacteroidetes;c__Flavobacteriia;o__Flavobacteriales;f__Crocinitomicaceae
Cryomorphaceae	0.000122568	0.000114153	8.69E-05	0.000205603	0.000482687	0.000134104	7.44E-05	5.14E-05	0.000735695	0.001274303	0.000285241	k__Bacteria;p__Bacteroidetes;c__Flavobacteriia;o__Flavobacteriales;f__Cryomorphaceae
Flavobacteriaceae	0.588837317	0.605950914	0.602190384	0.228878916	0.148015048	0.578576048	0.52838857	0.595812975	0.072042442	0.145610668	0.132776036	k__Bacteria;p__Bacteroidetes;c__Flavobacteriia;o__Flavobacteriales;f__Flavobacteriaceae
Ichthyobacteriaceae	0	3.34E-07	0	0	0	0	0	0	0	0	0	k__Bacteria;p__Bacteroidetes;c__Flavobacteriia;o__Flavobacteriales;f__Ichthyobacteriaceae
Schleiferiaceae	9.09E-06	8.34E-06	1.50E-05	0.001061625	0.000222593	4.48E-06	4.55E-06	5.82E-06	0.000100459	0.000117426	4.42E-05	k__Bacteria;p__Bacteroidetes;c__Flavobacteriia;o__Flavobacteriales;f__Schleiferiaceae
Weeksellaceae	3.43E-05	3.14E-05	2.38E-05	0.000479739	0.00498744	3.24E-05	2.73E-05	3.36E-05	0.00011053	0.000285483	5.62E-05	k__Bacteria;p__Bacteroidetes;c__Flavobacteriia;o__Flavobacteriales;f__Weeksellaceae
Haliscomenobacteraceae	0	0	1.09E-06	3.93E-06	1.44E-06	3.45E-07	3.25E-07	0	1.44E-05	1.10E-05	2.36E-06	k__Bacteria;p__Bacteroidetes;c__Saprospiria;o__Saprospirales;f__Haliscomenobacteraceae
Saprospiraceae	7.33E-06	6.68E-07	0	0	0	6.89E-07	0	1.49E-05	7.55E-07	0	1.69E-07	k__Bacteria;p__Bacteroidetes;c__Saprospiria;o__Saprospirales;f__Saprospiraceae
Sphingobacteriaceae	1.17E-06	2.67E-06	1.91E-06	2.62E-06	2.88E-06	5.17E-06	9.75E-07	6.46E-07	5.04E-07	3.05E-07	1.35E-06	k__Bacteria;p__Bacteroidetes;c__Sphingobacteriia;o__Sphingobacteriales;f__Sphingobacteriaceae
Rhodothermaceae	0	0	2.73E-07	0	0	0	0	0	0	0	0	k__Bacteria;p__Bacteroidetes;unclassified;o__Bacteroidetes_Order_II._Incertae_sedis;f__Rhodothermaceae
Balneolaceae	8.88E-05	9.98E-05	0.000106035	0.009912577	0.003117751	0.000159269	0.00019496	0.000165503	0.020209449	0.007332887	0.004019038	k__Bacteria;p__Balneolaeota;c__Balneolia;o__Balneolales;f__Balneolaceae
Calditrichaceae	0	0	5.47E-07	0	0	0	3.25E-07	0	2.52E-07	6.10E-07	3.38E-07	k__Bacteria;p__Calditrichaeota;c__Calditrichia;o__Calditrichales;f__Calditrichaceae
Chlamydiaceae	0	0	2.73E-07	0	0	0	0	0	0	0	0	k__Bacteria;p__Chlamydiae;c__Chlamydiia;o__Chlamydiales;f__Chlamydiaceae
Criblamydiaceae	0	0	0	0	0	0	0	0	2.52E-07	0	0	k__Bacteria;p__Chlamydiae;c__Chlamydiia;o__Parachlamydiales;f__Criblamydiaceae
Parachlamydiaceae	0	0	0	0	0	0	0	0	2.52E-07	0	0	k__Bacteria;p__Chlamydiae;c__Chlamydiia;o__Parachlamydiales;f__Parachlamydiaceae
Rhabdochlamydiaceae	0	0	0	0	0	0	0	0	0	0	0	k__Bacteria;p__Chlamydiae;c__Chlamydiia;o__Parachlamydiales;f__Rhabdochlamydiaceae
Simkaniaceae	0	0	2.73E-07	4.37E-07	0	6.89E-07	6.50E-07	9.70E-07	1.01E-06	1.22E-06	8.44E-07	k__Bacteria;p__Chlamydiae;c__Chlamydiia;o__Parachlamydiales;f__Simkaniaceae
Waddliaceae	0	0	0	8.29E-06	7.21E-06	0	0	0	5.26E-05	1.46E-05	1.76E-05	k__Bacteria;p__Chlamydiae;c__Chlamydiia;o__Parachlamydiales;f__Waddliaceae
Chlorobiaceae	7.04E-06	3.34E-06	5.19E-06	7.86E-06	9.13E-06	5.86E-06	4.87E-06	4.53E-06	6.04E-06	8.85E-06	1.32E-05	k__Bacteria;p__Chlorobi;c__Chlorobia;o__Chlorobiales;f__Chlorobiaceae
Anaerolineaceae	3.52E-06	2.67E-06	2.46E-06	4.37E-07	4.95E-05	1.03E-06	6.17E-06	1.62E-06	2.01E-06	7.02E-06	3.04E-06	k__Bacteria;p__Chloroflexi;c__Anaerolineae;o__Anaerolineales;f__Anaerolineaceae
Ardenticatenaceae	0	0	2.73E-07	0	2.40E-06	0	6.50E-07	0	2.52E-07	6.10E-07	0	k__Bacteria;p__Chloroflexi;c__Ardenticatenia;o__Ardenticatenales;f__Ardenticatenaceae
Caldilineaceae	0	0	0	4.37E-07	4.81E-07	0	0	0	2.77E-06	0	3.38E-07	k__Bacteria;p__Chloroflexi;c__Caldilineae;o__Caldilineales;f__Caldilineaceae
Phototrophicaceae	2.93E-06	4.34E-06	4.65E-06	1.75E-05	1.15E-05	3.79E-06	6.50E-06	3.56E-06	1.01E-05	7.02E-06	5.74E-06	k__Bacteria;p__Chloroflexi;c__Candidatus_Thermofonsia;o__Phototrophicales;f__Phototrophicaceae
Dehalococcoidaceae	0	3.34E-07	0	0	4.81E-07	6.89E-07	6.50E-07	0	2.27E-06	6.10E-07	2.03E-06	k__Bacteria;p__Chloroflexi;c__Dehalococcoidia;o__Dehalococcoidales;f__Dehalococcoidaceae
Thermogemmatisporaceae	0	0	0	0	0	0	0	0	0	0	0	k__Bacteria;p__Chloroflexi;c__Ktedonobacteria;o__Thermogemmatisporales;f__Thermogemmatisporaceae
Tepidiformaceae	0	0	0	0	0	3.45E-07	0	0	0	3.05E-07	0	k__Bacteria;p__Chloroflexi;c__Tepidiformia;o__Tepidiformales;f__Tepidiformaceae
Sphaerobacteraceae	0	0	0	0	0	0	0	0	0	0	0	k__Bacteria;p__Chloroflexi;c__Thermomicrobia;o__Sphaerobacterales;f__Sphaerobacteraceae
Chrysiogenaceae	2.93E-07	1.00E-06	5.47E-07	1.31E-06	9.62E-07	0	0	0	1.76E-06	4.58E-06	1.69E-07	k__Bacteria;p__Chrysiogenetes;c__Chrysiogenetes;o__Chrysiogenales;f__Chrysiogenaceae
Gloeobacteraceae	0	0	0	0	0	0	0	0	0	0	0	k__Bacteria;p__Cyanobacteria;c__Gloeobacteria;o__Gloeobacterales;f__Gloeobacteraceae
Aphanothecaceae	0	0	0	0	0	0	0	0	0	2.14E-06	6.76E-07	k__Bacteria;p__Cyanobacteria;c__Oscillatoriophycideae;o__Chroococcales;f__Aphanothecaceae
Chroococcaceae	2.93E-07	0	0	0	4.81E-07	0	0	3.23E-07	0	0	5.07E-07	k__Bacteria;p__Cyanobacteria;c__Oscillatoriophycideae;o__Chroococcales;f__Chroococcaceae
Geminocystaceae	0	0	0	0	0	0	0	0	0	0	0	k__Bacteria;p__Cyanobacteria;c__Oscillatoriophycideae;o__Chroococcales;f__Geminocystaceae
Microcystaceae	0	0	0	0	0	0	0	0	0	0	0	k__Bacteria;p__Cyanobacteria;c__Oscillatoriophycideae;o__Chroococcales;f__Microcystaceae
Coleofasciculaceae	0	0	0	0	0	0	0	0	0	0	0	k__Bacteria;p__Cyanobacteria;c__Oscillatoriophycideae;o__Oscillatoriales;f__Coleofasciculaceae
Cyanothecaceae	2.05E-05	0	0	0	0	0	0	0	0	0	0	k__Bacteria;p__Cyanobacteria;c__Oscillatoriophycideae;o__Oscillatoriales;f__Cyanothecaceae
Microcoleaceae	0	0	0	3.93E-06	1.01E-05	1.03E-06	0	0	0	0	0	k__Bacteria;p__Cyanobacteria;c__Oscillatoriophycideae;o__Oscillatoriales;f__Microcoleaceae
Oscillatoriaceae	2.93E-07	1.34E-06	2.73E-07	4.37E-07	0.000107691	3.45E-07	3.25E-07	3.23E-07	0	9.15E-07	0	k__Bacteria;p__Cyanobacteria;c__Oscillatoriophycideae;o__Oscillatoriales;f__Oscillatoriaceae
Chroococcidiopsidaceae	0	0	1.91E-06	8.73E-07	4.33E-06	1.03E-06	0	0	7.55E-07	0	2.20E-06	k__Bacteria;p__Cyanobacteria;unclassified;o__Chroococcidiopsidales;f__Chroococcidiopsidaceae
Aphanizomenonaceae	4.11E-06	0	8.20E-07	0	9.62E-07	0	0	0	0	0	0	k__Bacteria;p__Cyanobacteria;unclassified;o__Nostocales;f__Aphanizomenonaceae
Calotrichaceae	0	3.34E-07	5.47E-07	2.62E-06	1.92E-06	3.45E-07	0	0	0	0	0	k__Bacteria;p__Cyanobacteria;unclassified;o__Nostocales;f__Calotrichaceae
Hapalosiphonaceae	0	3.67E-06	0	0	0	0	0	0	0	0	0	k__Bacteria;p__Cyanobacteria;unclassified;o__Nostocales;f__Hapalosiphonaceae
Nostocaceae	5.86E-07	0	2.46E-06	5.67E-06	5.77E-06	0	0	0	5.54E-06	5.49E-06	2.53E-06	k__Bacteria;p__Cyanobacteria;unclassified;o__Nostocales;f__Nostocaceae
Rivulariaceae	0	0	0	0	0	0	0	0	0	0	0	k__Bacteria;p__Cyanobacteria;unclassified;o__Nostocales;f__Rivulariaceae
Dermocarpellaceae	0	0	0	0	0	0	6.50E-07	0	0	0	0	k__Bacteria;p__Cyanobacteria;unclassified;o__Pleurocapsales;f__Dermocarpellaceae
Hyellaceae	0	0	0	1.05E-05	0	0	0	6.46E-07	0	0	0	k__Bacteria;p__Cyanobacteria;unclassified;o__Pleurocapsales;f__Hyellaceae
Leptolyngbyaceae	0	0	0	4.37E-07	0	0	0	0	1.01E-06	6.10E-07	0	k__Bacteria;p__Cyanobacteria;unclassified;o__Pseudanabaenales;f__Leptolyngbyaceae
Pseudanabaenaceae	2.93E-07	0	0	4.37E-07	0	0	0	0	0	0	0	k__Bacteria;p__Cyanobacteria;unclassified;o__Pseudanabaenales;f__Pseudanabaenaceae
Acaryochloridaceae	0	0	0	0	0	0	0	0	0	0	0	k__Bacteria;p__Cyanobacteria;unclassified;o__Synechococcales;f__Acaryochloridaceae
Chamaesiphonaceae	0	3.34E-07	0	8.73E-07	0	3.45E-07	0	1.62E-06	2.52E-07	0	0	k__Bacteria;p__Cyanobacteria;unclassified;o__Synechococcales;f__Chamaesiphonaceae
Merismopediaceae	0	0	0	0	0	0	0	0	0	0	0	k__Bacteria;p__Cyanobacteria;unclassified;o__Synechococcales;f__Merismopediaceae
Prochlorococcaceae	5.28E-06	0	0	0	0	0	0	0	1.01E-06	0	0	k__Bacteria;p__Cyanobacteria;unclassified;o__Synechococcales;f__Prochlorococcaceae
Synechococcaceae	8.80E-07	4.67E-06	1.91E-06	4.37E-07	1.44E-06	1.03E-06	6.50E-07	1.29E-06	3.27E-06	1.83E-06	1.18E-06	k__Bacteria;p__Cyanobacteria;unclassified;o__Synechococcales;f__Synechococcaceae
Calditerrivibrionaceae	0	0	0	0	0	0	0	3.23E-07	0	0	0	k__Bacteria;p__Deferribacteres;c__Deferribacteres;o__Deferribacterales;f__Calditerrivibrionaceae
Geovibrionaceae	0	0	5.47E-07	0	0	0	0	0	0	0	1.69E-07	k__Bacteria;p__Deferribacteres;c__Deferribacteres;o__Deferribacterales;f__Geovibrionaceae
Deinococcaceae	0	6.68E-07	0	0	9.62E-07	0	0	0	1.51E-06	0	3.38E-07	k__Bacteria;p__Deinococcus-Thermus;c__Deinococci;o__Deinococcales;f__Deinococcaceae
Thermaceae	0	0	0	0	0	0	9.75E-07	6.46E-07	0	0	0	k__Bacteria;p__Deinococcus-Thermus;c__Deinococci;o__Thermales;f__Thermaceae
Trueperaceae	2.93E-07	0	5.47E-07	3.93E-06	2.88E-06	1.03E-06	6.50E-07	9.70E-07	1.26E-06	6.10E-07	1.18E-06	k__Bacteria;p__Deinococcus-Thermus;c__Deinococci;o__Trueperales;f__Trueperaceae
Alicyclobacillaceae	5.86E-07	2.67E-06	2.73E-07	1.31E-06	4.81E-06	3.45E-07	3.25E-07	3.23E-07	0	6.10E-07	1.69E-07	k__Bacteria;p__Firmicutes;c__Bacilli;o__Bacillales;f__Alicyclobacillaceae
Bacillaceae	4.96E-05	0.000197265	8.34E-05	0.00113016	0.000816817	0.00016513	0.000101704	7.85E-05	0.000319758	0.000189712	0.00017057	k__Bacteria;p__Firmicutes;c__Bacilli;o__Bacillales;f__Bacillaceae
Listeriaceae	2.93E-07	6.68E-07	1.64E-06	3.49E-06	1.92E-06	0	0	0	7.55E-07	0	0	k__Bacteria;p__Firmicutes;c__Bacilli;o__Bacillales;f__Listeriaceae
Paenibacillaceae	1.79E-05	7.34E-06	8.75E-06	3.32E-05	6.73E-06	3.10E-06	1.95E-06	1.62E-06	3.52E-06	2.44E-06	2.87E-06	k__Bacteria;p__Firmicutes;c__Bacilli;o__Bacillales;f__Paenibacillaceae
Planococcaceae	0.001103695	0.000972304	0.001440489	0.000784869	0.000420187	0.000454021	0.000574806	0.000455779	0.001073329	0.000575541	0.00041207	k__Bacteria;p__Firmicutes;c__Bacilli;o__Bacillales;f__Planococcaceae
Sporolactobacillaceae	0	0	0	0	9.62E-07	0	0	0	0	0	0	k__Bacteria;p__Firmicutes;c__Bacilli;o__Bacillales;f__Sporolactobacillaceae
Staphylococcaceae	8.21E-06	1.03E-05	1.50E-05	0.000109131	0.000939412	1.83E-05	5.85E-06	1.71E-05	3.37E-05	3.11E-05	3.07E-05	k__Bacteria;p__Firmicutes;c__Bacilli;o__Bacillales;f__Staphylococcaceae
Thermoactinomycetaceae	0	6.68E-07	8.20E-07	8.73E-07	2.88E-06	1.03E-06	3.25E-07	0	1.76E-06	3.05E-07	1.01E-06	k__Bacteria;p__Firmicutes;c__Bacilli;o__Bacillales;f__Thermoactinomycetaceae
Aerococcaceae	2.05E-06	1.00E-06	3.28E-06	6.11E-06	1.39E-05	1.48E-05	3.90E-06	1.13E-05	6.55E-06	9.15E-06	6.25E-06	k__Bacteria;p__Firmicutes;c__Bacilli;o__Lactobacillales;f__Aerococcaceae
Carnobacteriaceae	3.23E-06	3.34E-07	2.46E-06	3.32E-05	2.88E-05	2.07E-06	0	2.59E-06	1.56E-05	1.95E-05	7.60E-06	k__Bacteria;p__Firmicutes;c__Bacilli;o__Lactobacillales;f__Carnobacteriaceae
Enterococcaceae	0.000121395	0.000209614	0.000119426	0.000125282	0.000125479	0.000129277	0.000912736	0	6.80E-05	7.20E-05	1.52E-05	k__Bacteria;p__Firmicutes;c__Bacilli;o__Lactobacillales;f__Enterococcaceae
Lactobacillaceae	4.40E-06	8.01E-06	1.91E-06	7.64E-05	0.000111056	8.62E-06	9.42E-06	1.07E-05	4.38E-05	2.93E-05	2.01E-05	k__Bacteria;p__Firmicutes;c__Bacilli;o__Lactobacillales;f__Lactobacillaceae
Streptococcaceae	6.77E-05	6.54E-05	5.49E-05	5.50E-05	0.001256235	9.03E-05	0.000140696	0.000125743	3.37E-05	1.65E-05	2.82E-05	k__Bacteria;p__Firmicutes;c__Bacilli;o__Lactobacillales;f__Streptococcaceae
Christensenellaceae	0	3.34E-07	0	1.09E-05	0.000425476	1.72E-06	0	0	0	0	0	k__Bacteria;p__Firmicutes;c__Clostridia;o__Eubacteriales;f__Christensenellaceae
Clostridiaceae	0.000123154	0.000707616	9.65E-05	0.001802406	0.001233158	0.000247178	0.000261896	0.00021205	0.000458236	0.000407789	0.00027477	k__Bacteria;p__Firmicutes;c__Clostridia;o__Eubacteriales;f__Clostridiaceae
Desulfallaceae	0	0	0	0	0	0	3.25E-07	0	5.04E-07	0	0	k__Bacteria;p__Firmicutes;c__Clostridia;o__Eubacteriales;f__Desulfallaceae
Desulfitobacteriaceae	0	1.34E-06	0	8.73E-07	0	1.03E-06	0	3.23E-07	5.04E-07	0	3.38E-07	k__Bacteria;p__Firmicutes;c__Clostridia;o__Eubacteriales;f__Desulfitobacteriaceae
Desulfotomaculaceae	0	0	0	0	0	0	0	0	0	0	0	k__Bacteria;p__Firmicutes;c__Clostridia;o__Eubacteriales;f__Desulfotomaculaceae
Eubacteriaceae	8.80E-06	1.34E-06	3.55E-06	0	1.25E-05	1.03E-06	0	6.46E-07	2.01E-06	6.10E-06	1.45E-05	k__Bacteria;p__Firmicutes;c__Clostridia;o__Eubacteriales;f__Eubacteriaceae
Eubacteriales_Family_XIII._Incertae_Sedis	0	0	0	0	5.77E-06	6.89E-07	0	2.59E-06	2.52E-06	0	3.38E-07	k__Bacteria;p__Firmicutes;c__Clostridia;o__Eubacteriales;f__Eubacteriales_Family_XIII._Incertae_Sedis
Heliobacteriaceae	0	0	0	0	0	0	0	0	0	0	0	k__Bacteria;p__Firmicutes;c__Clostridia;o__Eubacteriales;f__Heliobacteriaceae
Lachnospiraceae	0.000173882	0.000134847	0.000157413	0.000634269	0.005332147	0.00035715	0.000196584	0.000428949	0.000190344	0.000116511	8.51E-05	k__Bacteria;p__Firmicutes;c__Clostridia;o__Eubacteriales;f__Lachnospiraceae
Oscillospiraceae	6.01E-05	4.14E-05	0.000104668	4.32E-05	0.00052259	8.62E-05	0.000105278	0.000134148	2.22E-05	3.20E-05	1.66E-05	k__Bacteria;p__Firmicutes;c__Clostridia;o__Eubacteriales;f__Oscillospiraceae
Peptococcaceae	5.86E-07	0	0	4.37E-07	1.44E-06	1.03E-06	3.57E-06	6.46E-07	0	1.22E-06	6.76E-07	k__Bacteria;p__Firmicutes;c__Clostridia;o__Eubacteriales;f__Peptococcaceae
Peptostreptococcaceae	0.000699632	0.000619497	0.001059528	0.000422118	0.000495186	0.001128331	0.00135562	0.00141938	0.000166425	0.000146097	0.000138989	k__Bacteria;p__Firmicutes;c__Clostridia;o__Eubacteriales;f__Peptostreptococcaceae
Proteinivoraceae	5.86E-07	3.34E-07	0	0	4.81E-07	1.03E-06	9.75E-07	2.59E-06	2.52E-07	1.22E-06	3.55E-06	k__Bacteria;p__Firmicutes;c__Clostridia;o__Eubacteriales;f__Proteinivoraceae
Symbiobacteriaceae	0	0	0	0	0	0	0	0	0	0	0	k__Bacteria;p__Firmicutes;c__Clostridia;o__Eubacteriales;f__Symbiobacteriaceae
Syntrophomonadaceae	0	3.34E-07	1.09E-06	1.31E-06	1.92E-06	0	0	0	2.52E-07	3.05E-07	0	k__Bacteria;p__Firmicutes;c__Clostridia;o__Eubacteriales;f__Syntrophomonadaceae
Thermincolaceae	0	0	0	0	0	3.45E-07	0	0	0	0	0	k__Bacteria;p__Firmicutes;c__Clostridia;o__Eubacteriales;f__Thermincolaceae
Vallitaleaceae	1.76E-06	3.00E-06	4.37E-06	6.11E-06	2.50E-05	6.21E-06	4.55E-06	1.07E-05	2.52E-06	2.75E-06	4.90E-06	k__Bacteria;p__Firmicutes;c__Clostridia;o__Eubacteriales;f__Vallitaleaceae
Thermoanaerobacteraceae	0	3.34E-07	0	0	0	0	0	0	0	0	0	k__Bacteria;p__Firmicutes;c__Clostridia;o__Thermoanaerobacterales;f__Thermoanaerobacteraceae
Thermoanaerobacterales_Family_III._Incertae_Sedis	0	0	0	4.37E-07	0	0	0	0	0	0	0	k__Bacteria;p__Firmicutes;c__Clostridia;o__Thermoanaerobacterales;f__Thermoanaerobacterales_Family_III._Incertae_Sedis
Tepidanaerobacteraceae	0	0	0	0	0	0	0	0	0	0	1.69E-07	k__Bacteria;p__Firmicutes;c__Clostridia;o__Thermosediminibacterales;f__Tepidanaerobacteraceae
Coprobacillaceae	0	1.57E-05	0	0	9.62E-07	0	0	3.56E-06	0	0	0	k__Bacteria;p__Firmicutes;c__Erysipelotrichia;o__Erysipelotrichales;f__Coprobacillaceae
Erysipelotrichaceae	4.22E-05	2.07E-05	5.82E-05	2.62E-06	6.15E-05	5.27E-05	2.14E-05	2.46E-05	5.29E-06	3.54E-05	1.86E-06	k__Bacteria;p__Firmicutes;c__Erysipelotrichia;o__Erysipelotrichales;f__Erysipelotrichaceae
Turicibacteraceae	3.75E-05	2.64E-05	2.68E-05	0.00132092	0.000893739	3.90E-05	4.22E-05	2.88E-05	0.000399068	0.000305613	0.000213635	k__Bacteria;p__Firmicutes;c__Erysipelotrichia;o__Erysipelotrichales;f__Turicibacteraceae
Acidaminococcaceae	5.86E-06	6.68E-06	0	0	1.92E-05	6.55E-06	0	0	0	0	1.18E-06	k__Bacteria;p__Firmicutes;c__Negativicutes;o__Acidaminococcales;f__Acidaminococcaceae
Selenomonadaceae	5.57E-06	3.00E-06	2.46E-06	0	0.00022644	3.10E-06	2.60E-06	1.75E-05	0	9.76E-06	0	k__Bacteria;p__Firmicutes;c__Negativicutes;o__Selenomonadales;f__Selenomonadaceae
Sporomusaceae	0	0	0	4.37E-07	0	0	0	0	0	0	0	k__Bacteria;p__Firmicutes;c__Negativicutes;o__Selenomonadales;f__Sporomusaceae
Veillonellaceae	0	0	0	1.31E-05	0.000240382	0	0	2.26E-06	0	1.83E-06	0	k__Bacteria;p__Firmicutes;c__Negativicutes;o__Veillonellales;f__Veillonellaceae
Gottschalkiaceae	0	0	0	0	0	0	0	0	0	0	0	k__Bacteria;p__Firmicutes;c__Tissierellia;o__Tissierellales;f__Gottschalkiaceae
Peptoniphilaceae	0	0	0	3.93E-06	4.76E-05	1.41E-05	0	2.00E-05	0	1.53E-06	1.86E-06	k__Bacteria;p__Firmicutes;c__Tissierellia;o__Tissierellales;f__Peptoniphilaceae
Tissierellaceae	4.98E-06	1.34E-06	8.20E-07	4.37E-07	1.92E-06	5.52E-06	4.55E-06	1.26E-05	1.01E-06	2.75E-06	1.11E-05	k__Bacteria;p__Firmicutes;c__Tissierellia;o__Tissierellales;f__Tissierellaceae
Fusobacteriaceae	0.000156288	0.000156543	0.000188294	8.73E-07	3.37E-06	0	0	0	2.52E-07	3.36E-06	0	k__Bacteria;p__Fusobacteria;c__Fusobacteriia;o__Fusobacteriales;f__Fusobacteriaceae
Leptotrichiaceae	0	0	1.91E-06	0	0	0	0	0	5.04E-07	0	1.69E-07	k__Bacteria;p__Fusobacteria;c__Fusobacteriia;o__Fusobacteriales;f__Leptotrichiaceae
Gemmatimonadaceae	2.93E-07	0	0	4.37E-07	0	3.45E-07	0	3.23E-07	7.55E-07	0	0	k__Bacteria;p__Gemmatimonadetes;c__Gemmatimonadetes;o__Gemmatimonadales;f__Gemmatimonadaceae
Ignavibacteriaceae	0	1.00E-06	2.73E-07	3.06E-06	2.40E-06	0	0	1.29E-06	1.01E-06	2.14E-06	3.38E-07	k__Bacteria;p__Ignavibacteriae;c__Ignavibacteria;o__Ignavibacteriales;f__Ignavibacteriaceae
Melioribacteraceae	5.86E-07	0	0	0	9.62E-07	0	0	0	2.52E-07	0	1.69E-07	k__Bacteria;p__Ignavibacteriae;c__Ignavibacteria;o__Ignavibacteriales;f__Melioribacteraceae
Kiritimatiellaceae	1.76E-05	1.77E-05	1.04E-05	0	5.43E-05	1.93E-05	9.75E-06	1.62E-05	2.95E-05	3.14E-05	2.26E-05	k__Bacteria;p__Kiritimatiellaeota;c__Kiritimatiellae;o__Kiritimatiellales;f__Kiritimatiellaceae
Tichowtungiaceae	0	0	0	0	0	0	0	0	0	0	0	k__Bacteria;p__Kiritimatiellaeota;c__Tichowtungiia;o__Tichowtungiales;f__Tichowtungiaceae
Nitrospinaceae	0.00033105	0.000583115	0.000576086	7.03E-05	3.61E-05	0.000566062	0.000389919	0.000357188	1.36E-05	8.24E-06	8.44E-07	k__Bacteria;p__Nitrospinae;c__Nitrospinia;o__Nitrospinales;f__Nitrospinaceae
Nitrospiraceae	1.94E-05	1.44E-05	1.75E-05	2.05E-05	6.44E-05	3.03E-05	1.69E-05	1.52E-05	9.82E-06	5.49E-06	2.03E-06	k__Bacteria;p__Nitrospirae;c__Nitrospira;o__Nitrospirales;f__Nitrospiraceae
Dissulfurispiraceae	0	0	0	0	0	0	0	3.23E-07	0	0	0	k__Bacteria;p__Nitrospirae;c__Thermodesulfovibrionia;o__Thermodesulfovibrionales;f__Dissulfurispiraceae
Candidatus_Brocadiaceae	2.93E-07	1.34E-06	2.46E-06	1.09E-05	2.84E-05	3.45E-06	3.90E-06	6.46E-07	3.78E-06	1.10E-05	1.86E-06	k__Bacteria;p__Planctomycetes;c__Candidatus_Brocadiia;o__Candidatus_Brocadiales;f__Candidatus_Brocadiaceae
Candidatus_Scalinduaceae	0	0	0	4.02E-05	0	0	0	0	0	0	0	k__Bacteria;p__Planctomycetes;c__Candidatus_Brocadiia;o__Candidatus_Brocadiales;f__Candidatus_Scalinduaceae
Candidatus_Uabimicrobiaceae	0	0	0	0	0	0	0	0	0	0	0	k__Bacteria;p__Planctomycetes;c__Candidatus_Uabimicrobiia;o__Candidatus_Uabimicrobiales;f__Candidatus_Uabimicrobiaceae
Phycisphaeraceae	5.86E-07	0	2.73E-07	3.93E-06	2.40E-06	3.45E-07	3.25E-07	0	1.26E-06	3.05E-07	6.76E-07	k__Bacteria;p__Planctomycetes;c__Phycisphaerae;o__Phycisphaerales;f__Phycisphaeraceae
Anaerohalosphaeraceae	0	0	0	0	0	0	0	0	0	0	0	k__Bacteria;p__Planctomycetes;c__Phycisphaerae;o__Sedimentisphaerales;f__Anaerohalosphaeraceae
Sedimentisphaeraceae	5.86E-07	1.00E-06	0	4.37E-07	1.01E-05	0	0	0	1.76E-06	0	0	k__Bacteria;p__Planctomycetes;c__Phycisphaerae;o__Sedimentisphaerales;f__Sedimentisphaeraceae
Tepidisphaeraceae	5.86E-07	0	0	0	1.44E-06	0	0	0	5.04E-07	1.22E-06	1.69E-07	k__Bacteria;p__Planctomycetes;c__Phycisphaerae;o__Tepidisphaerales;f__Tepidisphaeraceae
Gemmataceae	0	0	0	4.37E-07	4.81E-07	2.07E-06	0	0	0	0	0	k__Bacteria;p__Planctomycetes;c__Planctomycetia;o__Gemmatales;f__Gemmataceae
Isosphaeraceae	2.35E-06	1.34E-06	2.73E-06	2.75E-05	4.90E-05	0	0	1.29E-06	2.27E-06	9.15E-07	8.44E-07	k__Bacteria;p__Planctomycetes;c__Planctomycetia;o__Isosphaerales;f__Isosphaeraceae
Lacipirellulaceae	3.81E-06	0.000544063	8.47E-06	6.59E-05	7.84E-05	7.24E-06	6.50E-06	5.82E-06	0.000366085	1.77E-05	0.000463073	k__Bacteria;p__Planctomycetes;c__Planctomycetia;o__Pirellulales;f__Lacipirellulaceae
Pirellulaceae	0.021376024	0.027377046	0.028464066	0.008424905	0.009371522	0.024108298	0.037528444	0.029806973	0.004678787	0.002495841	0.001586978	k__Bacteria;p__Planctomycetes;c__Planctomycetia;o__Pirellulales;f__Pirellulaceae
Planctomycetaceae	0.010639043	0.010971046	0.015371224	0.070340973	0.057944496	0.011156793	0.016206351	0.015029068	0.025413444	0.019833749	0.007669746	k__Bacteria;p__Planctomycetes;c__Planctomycetia;o__Planctomycetales;f__Planctomycetaceae
Acidithiobacillaceae	3.20E-05	2.24E-05	9.97E-05	3.40E-05	0.000191825	2.62E-05	1.14E-05	1.29E-06	1.59E-05	4.00E-05	1.69E-07	k__Bacteria;p__Proteobacteria;c__Acidithiobacillia;o__Acidithiobacillales;f__Acidithiobacillaceae
Caulobacteraceae	7.07E-05	9.31E-05	8.75E-05	4.37E-06	4.95E-05	6.89E-05	7.90E-05	0	1.76E-06	5.80E-06	1.86E-06	k__Bacteria;p__Proteobacteria;c__Alphaproteobacteria;o__Caulobacterales;f__Caulobacteraceae
Emcibacteraceae	2.93E-07	0	2.73E-07	8.29E-06	1.06E-05	2.76E-06	3.25E-07	0	0	3.05E-07	0	k__Bacteria;p__Proteobacteria;c__Alphaproteobacteria;o__Emcibacterales;f__Emcibacteraceae
Candidatus_Paracaedibacteraceae	0	0	0	0	0	0	0	0	0	0	0	k__Bacteria;p__Proteobacteria;c__Alphaproteobacteria;o__Holosporales;f__Candidatus_Paracaedibacteraceae
Holosporaceae	0	0	0	0	0	0	0	1.29E-06	0	0	0	k__Bacteria;p__Proteobacteria;c__Alphaproteobacteria;o__Holosporales;f__Holosporaceae
Ahrensiaceae	9.44E-05	4.84E-05	0.000274379	1.40E-05	3.37E-05	9.89E-05	3.77E-05	0.000103116	5.29E-06	1.07E-05	4.39E-06	k__Bacteria;p__Proteobacteria;c__Alphaproteobacteria;o__Hyphomicrobiales;f__Ahrensiaceae
Aurantimonadaceae	0.000204084	0.000224301	0.000182282	0.00010302	0.000175959	0.000124796	0.000128998	0.000213343	3.93E-05	2.20E-05	2.53E-05	k__Bacteria;p__Proteobacteria;c__Alphaproteobacteria;o__Hyphomicrobiales;f__Aurantimonadaceae
Bartonellaceae	0	0	0	0	0	0	0	0	2.17E-05	0	0	k__Bacteria;p__Proteobacteria;c__Alphaproteobacteria;o__Hyphomicrobiales;f__Bartonellaceae
Beijerinckiaceae	1.67E-05	1.03E-05	2.21E-05	1.75E-06	0	2.72E-05	1.17E-05	2.42E-05	2.77E-06	2.44E-06	3.38E-07	k__Bacteria;p__Proteobacteria;c__Alphaproteobacteria;o__Hyphomicrobiales;f__Beijerinckiaceae
Blastochloridaceae	0	0	0	0	0	0	0	0	0	0	0	k__Bacteria;p__Proteobacteria;c__Alphaproteobacteria;o__Hyphomicrobiales;f__Blastochloridaceae
Boseaceae	7.92E-06	0	1.37E-06	3.06E-06	1.15E-05	0	1.95E-06	0	5.04E-07	1.22E-06	0	k__Bacteria;p__Proteobacteria;c__Alphaproteobacteria;o__Hyphomicrobiales;f__Boseaceae
Breoghaniaceae	4.11E-06	1.00E-06	5.74E-06	2.62E-06	4.33E-06	1.72E-06	0	9.05E-06	1.51E-06	2.14E-06	5.07E-07	k__Bacteria;p__Proteobacteria;c__Alphaproteobacteria;o__Hyphomicrobiales;f__Breoghaniaceae
Brucellaceae	0.000167138	3.67E-06	8.94E-05	9.60E-06	0.000475956	0.000324744	0.00019301	0.000115399	4.73E-05	2.44E-05	7.94E-06	k__Bacteria;p__Proteobacteria;c__Alphaproteobacteria;o__Hyphomicrobiales;f__Brucellaceae
Chelatococcaceae	2.23E-05	3.17E-05	5.47E-05	4.80E-06	9.62E-06	5.00E-05	2.31E-05	2.55E-05	4.53E-06	2.75E-06	1.18E-06	k__Bacteria;p__Proteobacteria;c__Alphaproteobacteria;o__Hyphomicrobiales;f__Chelatococcaceae
Cohaesibacteraceae	5.86E-07	1.34E-06	2.73E-07	8.73E-07	1.44E-06	1.03E-06	9.75E-07	2.91E-06	0	0	1.69E-07	k__Bacteria;p__Proteobacteria;c__Alphaproteobacteria;o__Hyphomicrobiales;f__Cohaesibacteraceae
Devosiaceae	5.13E-05	0.000234982	5.55E-05	0.000480176	0.000555763	3.55E-05	4.16E-05	4.01E-05	0.00015006	9.64E-05	0.000135443	k__Bacteria;p__Proteobacteria;c__Alphaproteobacteria;o__Hyphomicrobiales;f__Devosiaceae
Hyphomicrobiaceae	3.58E-05	4.57E-05	3.61E-05	0.004113362	0.004192738	4.62E-05	0.000134847	0.000210111	0.001855854	0.001162672	0.000687854	k__Bacteria;p__Proteobacteria;c__Alphaproteobacteria;o__Hyphomicrobiales;f__Hyphomicrobiaceae
Kaistiaceae	0	0	1.91E-06	0	0	0	0	2.59E-06	0	0	0	k__Bacteria;p__Proteobacteria;c__Alphaproteobacteria;o__Hyphomicrobiales;f__Kaistiaceae
Methylobacteriaceae	1.55E-05	1.07E-05	4.92E-06	7.42E-06	4.33E-06	2.24E-05	1.10E-05	1.75E-05	2.52E-07	9.15E-07	3.38E-07	k__Bacteria;p__Proteobacteria;c__Alphaproteobacteria;o__Hyphomicrobiales;f__Methylobacteriaceae
Methylocystaceae	2.64E-06	1.00E-06	1.64E-06	1.09E-05	1.92E-05	1.38E-06	1.30E-06	2.26E-06	5.29E-06	4.27E-06	3.21E-06	k__Bacteria;p__Proteobacteria;c__Alphaproteobacteria;o__Hyphomicrobiales;f__Methylocystaceae
Nitrobacteraceae	1.73E-05	1.30E-05	1.39E-05	0.000920192	0.001119698	1.52E-05	4.48E-05	6.79E-06	5.54E-06	1.19E-05	8.44E-06	k__Bacteria;p__Proteobacteria;c__Alphaproteobacteria;o__Hyphomicrobiales;f__Nitrobacteraceae
Parvibaculaceae	0.001847897	0.002302087	0.002626275	0.001451877	0.001920169	0.002619673	0.002527653	0.002255298	0.000326808	0.000362649	0.000133585	k__Bacteria;p__Proteobacteria;c__Alphaproteobacteria;o__Hyphomicrobiales;f__Parvibaculaceae
Phreatobacteraceae	0	0	0	0	0	0	0	0	0	0	0	k__Bacteria;p__Proteobacteria;c__Alphaproteobacteria;o__Hyphomicrobiales;f__Phreatobacteraceae
Phyllobacteriaceae	0.001581943	0.00137451	0.001363969	0.027559916	0.034846697	0.00269586	0.009003889	0.001029866	0.010951831	0.0056999	0.00517216	k__Bacteria;p__Proteobacteria;c__Alphaproteobacteria;o__Hyphomicrobiales;f__Phyllobacteriaceae
Pleomorphomonadaceae	0	0	0	0	4.81E-07	0	0	0	5.04E-07	0	1.69E-07	k__Bacteria;p__Proteobacteria;c__Alphaproteobacteria;o__Hyphomicrobiales;f__Pleomorphomonadaceae
Rhizobiaceae	0.000450685	0.000990996	0.000504485	0.001061625	0.001104314	0.001052833	0.000425337	0.000908325	0.000742745	0.00049563	0.000332865	k__Bacteria;p__Proteobacteria;c__Alphaproteobacteria;o__Hyphomicrobiales;f__Rhizobiaceae
Rhodobiaceae	6.16E-06	7.01E-06	1.91E-06	1.70E-05	2.40E-06	3.45E-07	9.75E-07	1.94E-06	0.000255554	0.000448355	8.28E-05	k__Bacteria;p__Proteobacteria;c__Alphaproteobacteria;o__Hyphomicrobiales;f__Rhodobiaceae
Stappiaceae	0.000448633	0.001151878	0.001154359	0.000249255	0.000741818	0.000895977	0.00053159	0.000562127	0.000202933	0.000197032	3.99E-05	k__Bacteria;p__Proteobacteria;c__Alphaproteobacteria;o__Hyphomicrobiales;f__Stappiaceae
Xanthobacteraceae	0	4.01E-06	1.42E-05	1.79E-05	2.88E-05	0	3.61E-05	3.81E-05	1.79E-05	6.41E-06	1.69E-06	k__Bacteria;p__Proteobacteria;c__Alphaproteobacteria;o__Hyphomicrobiales;f__Xanthobacteraceae
Hyphomonadaceae	0.000696407	0.000464289	0.000296242	0.00052863	0.000293746	0.000726021	0.000383746	0.000485194	0.003217469	0.002022171	0.001232158	k__Bacteria;p__Proteobacteria;c__Alphaproteobacteria;o__Hyphomonadales;f__Hyphomonadaceae
Kordiimonadaceae	0	0	2.73E-07	4.37E-07	9.62E-07	0	0	0	1.76E-06	1.53E-06	1.86E-06	k__Bacteria;p__Proteobacteria;c__Alphaproteobacteria;o__Kordiimonadales;f__Kordiimonadaceae
Magnetococcaceae	0	0	0	0	0	0	0	0	0	0	0	k__Bacteria;p__Proteobacteria;c__Alphaproteobacteria;o__Magnetococcales;f__Magnetococcaceae
Maricaulaceae	0.000228421	0.000300069	0.000323024	0.000563115	0.000356726	0.000230975	0.000269694	0.00035137	0.000753067	0.000516675	0.000307026	k__Bacteria;p__Proteobacteria;c__Alphaproteobacteria;o__Maricaulales;f__Maricaulaceae
Parvularculaceae	5.86E-05	5.51E-05	5.47E-05	6.77E-05	3.46E-05	5.48E-05	8.22E-05	5.30E-05	2.57E-05	1.22E-05	4.56E-06	k__Bacteria;p__Proteobacteria;c__Alphaproteobacteria;o__Parvularculales;f__Parvularculaceae
Pelagibacteraceae	0	0	0	0	0	0	0	0	0	3.05E-07	1.69E-07	k__Bacteria;p__Proteobacteria;c__Alphaproteobacteria;o__Pelagibacterales;f__Pelagibacteraceae
Rhodobacteraceae	0.058942992	0.061975442	0.067033416	0.187063449	0.187340056	0.058666328	0.102569276	0.057829619	0.209877948	0.338603585	0.498016404	k__Bacteria;p__Proteobacteria;c__Alphaproteobacteria;o__Rhodobacterales;f__Rhodobacteraceae
Roseobacteraceae	0.048128015	0.061149668	0.066033191	0.159626633	0.177677191	0.078054113	0.064201531	0.066733471	0.388107427	0.220265999	0.183825659	k__Bacteria;p__Proteobacteria;c__Alphaproteobacteria;o__Rhodobacterales;f__Roseobacteraceae
Acetobacteraceae	9.94E-05	1.00E-06	6.01E-06	5.67E-06	1.78E-05	5.17E-06	4.87E-06	3.88E-06	4.53E-06	0	1.86E-06	k__Bacteria;p__Proteobacteria;c__Alphaproteobacteria;o__Rhodospirillales;f__Acetobacteraceae
Azospirillaceae	8.80E-06	8.01E-06	2.71E-05	6.98E-06	3.56E-05	2.21E-05	9.10E-06	2.59E-06	3.02E-06	0	1.35E-06	k__Bacteria;p__Proteobacteria;c__Alphaproteobacteria;o__Rhodospirillales;f__Azospirillaceae
Kiloniellaceae	0	0	0	0	0	1.03E-06	0	0	0	0	0	k__Bacteria;p__Proteobacteria;c__Alphaproteobacteria;o__Rhodospirillales;f__Kiloniellaceae
Rhodospirillaceae	3.81E-06	4.34E-06	2.81E-05	4.80E-06	6.11E-05	0	9.75E-06	5.07E-05	5.79E-06	3.05E-06	1.35E-06	k__Bacteria;p__Proteobacteria;c__Alphaproteobacteria;o__Rhodospirillales;f__Rhodospirillaceae
Stellaceae	0	0	0	0	4.81E-07	1.38E-06	0	0	0	0	0	k__Bacteria;p__Proteobacteria;c__Alphaproteobacteria;o__Rhodospirillales;f__Stellaceae
Terasakiellaceae	0	0	0	4.80E-06	8.65E-06	0	0	0	0	0	0	k__Bacteria;p__Proteobacteria;c__Alphaproteobacteria;o__Rhodospirillales;f__Terasakiellaceae
Thalassobaculaceae	0.000269766	0.000329442	2.92E-05	0	0	0	0	0	0	0	0	k__Bacteria;p__Proteobacteria;c__Alphaproteobacteria;o__Rhodospirillales;f__Thalassobaculaceae
Thalassospiraceae	3.58E-05	5.44E-05	4.86E-05	0.000364061	0.000158171	6.27E-05	6.95E-05	0.00012542	8.81E-06	0.000701507	0.00022343	k__Bacteria;p__Proteobacteria;c__Alphaproteobacteria;o__Rhodospirillales;f__Thalassospiraceae
Rickettsiaceae	0	0	0	0	4.81E-07	0	0	0	0	0	1.69E-07	k__Bacteria;p__Proteobacteria;c__Alphaproteobacteria;o__Rickettsiales;f__Rickettsiaceae
Erythrobacteraceae	0.004838488	0.006300783	0.00635963	0.012230518	0.009405175	0.00705681	0.006618557	0.006323367	0.00177453	0.002104522	0.00210899	k__Bacteria;p__Proteobacteria;c__Alphaproteobacteria;o__Sphingomonadales;f__Erythrobacteraceae
Sphingomonadaceae	0.001108386	0.001506353	0.001527393	0.009277436	0.005014844	0.002102909	0.00186349	0.001486938	0.00048014	0.000407179	0.000244202	k__Bacteria;p__Proteobacteria;c__Alphaproteobacteria;o__Sphingomonadales;f__Sphingomonadaceae
Sphingosinicellaceae	1.17E-06	3.34E-07	5.74E-06	0	0	0	0	0	1.01E-06	9.15E-07	0	k__Bacteria;p__Proteobacteria;c__Alphaproteobacteria;o__Sphingomonadales;f__Sphingosinicellaceae
Zymomonadaceae	0	0	0	0	0	0	0	0	0	0	0	k__Bacteria;p__Proteobacteria;c__Alphaproteobacteria;o__Sphingomonadales;f__Zymomonadaceae
Alcaligenaceae	0.000135469	0.000257011	0.000200865	4.89E-05	0.000168267	0.000492977	0.000222579	0.000136734	1.26E-05	0.000300428	2.90E-05	k__Bacteria;p__Proteobacteria;c__Betaproteobacteria;o__Burkholderiales;f__Alcaligenaceae
Burkholderiaceae	0.001585462	0.000497	0.000488908	0.000106948	0.000341823	0.001163495	0.000562134	0.00067688	0.00011053	0.000216552	6.50E-05	k__Bacteria;p__Proteobacteria;c__Betaproteobacteria;o__Burkholderiales;f__Burkholderiaceae
Comamonadaceae	0.004690117	0.007441312	0.008967595	0.000263224	0.003129289	0.007479116	0.009780479	0.0073041	0.001522752	0.00144358	0.000120244	k__Bacteria;p__Proteobacteria;c__Betaproteobacteria;o__Burkholderiales;f__Comamonadaceae
Oxalobacteraceae	0.000183851	0.000510017	0.000627737	6.11E-06	8.12E-05	0.000731192	0.000669362	0.000583138	2.17E-05	4.24E-05	2.53E-06	k__Bacteria;p__Proteobacteria;c__Betaproteobacteria;o__Burkholderiales;f__Oxalobacteraceae
Sutterellaceae	0	0	7.38E-06	0	1.63E-05	0	0	0	0	0	0	k__Bacteria;p__Proteobacteria;c__Betaproteobacteria;o__Burkholderiales;f__Sutterellaceae
Ferrovaceae	0	0	0	4.37E-07	4.81E-07	3.45E-07	0	0	0	3.05E-07	0	k__Bacteria;p__Proteobacteria;c__Betaproteobacteria;o__Ferrovales;f__Ferrovaceae
Chromobacteriaceae	2.26E-05	8.34E-06	3.50E-05	0	1.59E-05	3.52E-05	4.84E-05	5.01E-05	3.10E-05	2.47E-05	1.03E-05	k__Bacteria;p__Proteobacteria;c__Betaproteobacteria;o__Neisseriales;f__Chromobacteriaceae
Neisseriaceae	8.50E-06	4.67E-05	1.12E-05	0	2.40E-06	5.52E-06	3.25E-06	1.52E-05	0	2.44E-05	0	k__Bacteria;p__Proteobacteria;c__Betaproteobacteria;o__Neisseriales;f__Neisseriaceae
Gallionellaceae	0	3.00E-06	2.73E-06	4.80E-06	2.40E-06	2.41E-06	2.60E-06	1.94E-06	1.76E-05	0.000132371	1.82E-05	k__Bacteria;p__Proteobacteria;c__Betaproteobacteria;o__Nitrosomonadales;f__Gallionellaceae
Methylophilaceae	0	0	0	0	0	0	0	0	6.55E-06	0	0	k__Bacteria;p__Proteobacteria;c__Betaproteobacteria;o__Nitrosomonadales;f__Methylophilaceae
Nitrosomonadaceae	0.000335155	0.000103472	0.00019212	0.000269335	0.000356726	7.45E-05	2.31E-05	0.000102146	0.00110178	0.000635932	0.000233056	k__Bacteria;p__Proteobacteria;c__Betaproteobacteria;o__Nitrosomonadales;f__Nitrosomonadaceae
Sterolibacteriaceae	4.19E-05	3.64E-05	2.81E-05	1.13E-05	7.79E-05	2.86E-05	1.82E-05	3.23E-05	7.05E-06	6.65E-05	1.03E-05	k__Bacteria;p__Proteobacteria;c__Betaproteobacteria;o__Nitrosomonadales;f__Sterolibacteriaceae
Sulfuricellaceae	1.52E-05	2.34E-05	1.26E-05	2.18E-06	6.73E-06	2.00E-05	2.63E-05	1.94E-05	9.06E-06	1.56E-05	1.18E-06	k__Bacteria;p__Proteobacteria;c__Betaproteobacteria;o__Nitrosomonadales;f__Sulfuricellaceae
Thiobacillaceae	0.000141041	2.60E-05	3.31E-05	6.72E-05	7.98E-05	6.45E-05	0.000138421	0.000595745	3.17E-05	6.74E-05	1.47E-05	k__Bacteria;p__Proteobacteria;c__Betaproteobacteria;o__Nitrosomonadales;f__Thiobacillaceae
Usitatibacteraceae	0	0	0	0	1.44E-06	1.38E-06	3.25E-07	0	0	0	0	k__Bacteria;p__Proteobacteria;c__Betaproteobacteria;o__Nitrosomonadales;f__Usitatibacteraceae
Azonexaceae	5.28E-06	0	8.47E-06	6.98E-06	0	9.31E-06	8.12E-06	2.26E-06	8.06E-06	4.88E-06	0	k__Bacteria;p__Proteobacteria;c__Betaproteobacteria;o__Rhodocyclales;f__Azonexaceae
Fluviibacteraceae	0	0	0	0	0	0	0	0	0	0	0	k__Bacteria;p__Proteobacteria;c__Betaproteobacteria;o__Rhodocyclales;f__Fluviibacteraceae
Rhodocyclaceae	3.37E-05	5.57E-05	9.21E-05	6.81E-05	0.000261535	0.000121693	0.000114376	9.76E-05	2.42E-05	0.000119866	3.06E-05	k__Bacteria;p__Proteobacteria;c__Betaproteobacteria;o__Rhodocyclales;f__Rhodocyclaceae
Zoogloeaceae	0.000367703	0.000707282	0.000937096	0.001128413	0.002782659	0.000701889	0.001244168	0.000965863	0.000411657	0.000569746	0.0001042	k__Bacteria;p__Proteobacteria;c__Betaproteobacteria;o__Rhodocyclales;f__Zoogloeaceae
Casimicrobiaceae	0	0	1.97E-05	0	0	2.59E-05	0	0	0	0	0	k__Bacteria;p__Proteobacteria;c__Betaproteobacteria;unclassified;f__Casimicrobiaceae
Bradymonadaceae	2.93E-07	0	2.73E-07	4.37E-07	0	6.89E-07	3.25E-07	3.23E-07	7.55E-07	0	1.69E-07	k__Bacteria;p__Proteobacteria;c__Deltaproteobacteria;o__Bradymonadales;f__Bradymonadaceae
Microvenatoraceae	4.40E-06	1.67E-06	6.83E-06	3.49E-06	4.33E-06	8.96E-06	5.52E-06	5.17E-06	7.55E-07	2.75E-06	4.05E-06	k__Bacteria;p__Proteobacteria;c__Deltaproteobacteria;o__Bradymonadales;f__Microvenatoraceae
Desulfarculaceae	2.64E-06	3.34E-06	0	8.73E-07	1.11E-05	0	3.57E-06	6.46E-07	1.18E-05	1.31E-05	1.66E-05	k__Bacteria;p__Proteobacteria;c__Deltaproteobacteria;o__Desulfarculales;f__Desulfarculaceae
Desulfobacteraceae	0.001843206	0.001819774	0.001992799	0.000562679	0.002285069	0.001069036	0.001286084	0.001422612	0.002358403	0.003958332	0.001145522	k__Bacteria;p__Proteobacteria;c__Deltaproteobacteria;o__Desulfobacterales;f__Desulfobacteraceae
Desulfobulbaceae	1.85E-05	0.000198933	0.000253609	4.37E-07	1.92E-05	5.52E-06	1.07E-05	5.17E-06	1.06E-05	2.59E-05	2.94E-05	k__Bacteria;p__Proteobacteria;c__Deltaproteobacteria;o__Desulfobacterales;f__Desulfobulbaceae
Desulfocapsaceae	0.00031287	0.000475972	0.000409655	8.08E-05	0.00029615	0.000166509	0.000130298	0.000100207	5.41E-05	0.000220212	3.99E-05	k__Bacteria;p__Proteobacteria;c__Deltaproteobacteria;o__Desulfobacterales;f__Desulfocapsaceae
Desulfosudaceae	0	6.68E-07	8.20E-07	0	1.44E-06	6.89E-07	0	1.62E-06	5.04E-06	5.80E-06	3.38E-07	k__Bacteria;p__Proteobacteria;c__Deltaproteobacteria;o__Desulfobacterales;f__Desulfosudaceae
Desulfohalobiaceae	0	0	0	0	0	0	0	0	0	3.05E-07	0	k__Bacteria;p__Proteobacteria;c__Deltaproteobacteria;o__Desulfovibrionales;f__Desulfohalobiaceae
Desulfomicrobiaceae	0	1.67E-06	8.20E-07	3.93E-06	4.81E-06	3.45E-07	6.50E-07	0	6.04E-06	6.10E-07	3.38E-06	k__Bacteria;p__Proteobacteria;c__Deltaproteobacteria;o__Desulfovibrionales;f__Desulfomicrobiaceae
Desulfovibrionaceae	4.31E-05	5.21E-05	6.56E-05	6.55E-06	6.49E-05	3.14E-05	4.00E-05	1.26E-05	0.000147794	0.000129626	6.67E-05	k__Bacteria;p__Proteobacteria;c__Deltaproteobacteria;o__Desulfovibrionales;f__Desulfovibrionaceae
Desulfuromonadaceae	5.98E-05	5.44E-05	7.82E-05	1.96E-05	0.000124037	8.62E-06	1.10E-05	5.50E-06	4.78E-05	9.64E-05	2.47E-05	k__Bacteria;p__Proteobacteria;c__Deltaproteobacteria;o__Desulfuromonadales;f__Desulfuromonadaceae
Geobacteraceae	7.62E-06	1.23E-05	8.20E-06	3.49E-05	2.69E-05	7.58E-06	1.07E-05	8.40E-06	1.69E-05	4.85E-05	2.69E-05	k__Bacteria;p__Proteobacteria;c__Deltaproteobacteria;o__Desulfuromonadales;f__Geobacteraceae
Syntrophotaleaceae	0.000148958	0.000153873	0.000259075	5.24E-06	2.60E-05	3.45E-07	0	6.46E-07	8.31E-06	1.10E-05	3.72E-06	k__Bacteria;p__Proteobacteria;c__Deltaproteobacteria;o__Desulfuromonadales;f__Syntrophotaleaceae
Anaeromyxobacteraceae	8.80E-07	0	0	0	0	0	0	0	0	3.05E-07	0	k__Bacteria;p__Proteobacteria;c__Deltaproteobacteria;o__Myxococcales;f__Anaeromyxobacteraceae
Archangiaceae	0.000107906	7.28E-05	1.91E-05	1.31E-06	3.85E-06	4.14E-06	9.42E-06	8.02E-05	7.55E-07	1.22E-06	0	k__Bacteria;p__Proteobacteria;c__Deltaproteobacteria;o__Myxococcales;f__Archangiaceae
Kofleriaceae	5.28E-06	7.68E-06	9.29E-06	4.80E-06	8.17E-06	5.62E-05	6.95E-05	6.50E-05	2.01E-06	9.15E-07	1.69E-07	k__Bacteria;p__Proteobacteria;c__Deltaproteobacteria;o__Myxococcales;f__Kofleriaceae
Labilitrichaceae	0	0	0	0	4.81E-07	0	0	0	2.52E-07	0	0	k__Bacteria;p__Proteobacteria;c__Deltaproteobacteria;o__Myxococcales;f__Labilitrichaceae
Myxococcaceae	9.09E-06	7.34E-06	8.47E-06	1.09E-05	0.000121633	1.28E-05	1.36E-05	8.73E-06	1.11E-05	4.58E-06	4.05E-06	k__Bacteria;p__Proteobacteria;c__Deltaproteobacteria;o__Myxococcales;f__Myxococcaceae
Nannocystaceae	0	0	0	0	0	0	0	0	0	0	0	k__Bacteria;p__Proteobacteria;c__Deltaproteobacteria;o__Myxococcales;f__Nannocystaceae
Polyangiaceae	1.47E-06	3.34E-06	2.46E-06	7.42E-06	2.40E-06	3.10E-06	3.25E-06	2.91E-06	2.27E-06	7.32E-06	8.44E-07	k__Bacteria;p__Proteobacteria;c__Deltaproteobacteria;o__Myxococcales;f__Polyangiaceae
Sandaracinaceae	6.45E-06	5.67E-06	6.01E-06	0	8.17E-06	5.86E-06	2.92E-06	2.59E-06	3.27E-06	4.27E-06	3.55E-06	k__Bacteria;p__Proteobacteria;c__Deltaproteobacteria;o__Myxococcales;f__Sandaracinaceae
Vulgatibacteraceae	0	0	2.73E-07	8.73E-07	0	0	0	0	0	0	0	k__Bacteria;p__Proteobacteria;c__Deltaproteobacteria;o__Myxococcales;f__Vulgatibacteraceae
Syntrophaceae	0	1.34E-06	1.09E-06	1.31E-06	4.33E-06	6.89E-07	1.62E-06	0	1.76E-06	2.75E-06	6.76E-07	k__Bacteria;p__Proteobacteria;c__Deltaproteobacteria;o__Syntrophales;f__Syntrophaceae
Syntrophobacteraceae	0	0	0	0	0	3.45E-07	0	9.70E-07	0	1.22E-06	5.07E-07	k__Bacteria;p__Proteobacteria;c__Deltaproteobacteria;o__Syntrophobacterales;f__Syntrophobacteraceae
Arcobacteraceae	6.98E-05	6.38E-05	7.52E-05	2.49E-05	5.00E-05	5.17E-05	5.33E-05	2.68E-05	2.39E-05	0.000134201	3.93E-05	k__Bacteria;p__Proteobacteria;c__Epsilonproteobacteria;o__Campylobacterales;f__Arcobacteraceae
Campylobacteraceae	0	0	0	0	0	1.28E-05	0	0	0	6.10E-07	1.69E-07	k__Bacteria;p__Proteobacteria;c__Epsilonproteobacteria;o__Campylobacterales;f__Campylobacteraceae
Helicobacteraceae	0	8.01E-06	0	0	0	0	0	0	2.52E-07	0	0	k__Bacteria;p__Proteobacteria;c__Epsilonproteobacteria;o__Campylobacterales;f__Helicobacteraceae
Sulfurospirillaceae	0	0	0	0	0	1.03E-06	0	0	0	0	0	k__Bacteria;p__Proteobacteria;c__Epsilonproteobacteria;o__Campylobacterales;f__Sulfurospirillaceae
Sulfurovaceae	0	1.70E-05	1.45E-05	8.73E-06	1.87E-05	1.48E-05	1.07E-05	3.94E-05	3.02E-06	5.37E-05	1.35E-06	k__Bacteria;p__Proteobacteria;c__Epsilonproteobacteria;o__Campylobacterales;f__Sulfurovaceae
Thiovulaceae	3.87E-05	3.94E-05	4.26E-05	1.27E-05	3.51E-05	4.00E-05	2.96E-05	3.07E-05	0.000163656	0.00046269	0.000221403	k__Bacteria;p__Proteobacteria;c__Epsilonproteobacteria;o__Campylobacterales;f__Thiovulaceae
Acidiferrobacteraceae	6.22E-05	8.78E-05	7.98E-05	2.79E-05	5.10E-05	0.000106869	8.51E-05	7.50E-05	5.26E-05	0.000127186	1.98E-05	k__Bacteria;p__Proteobacteria;c__Gammaproteobacteria;o__Acidiferrobacterales;f__Acidiferrobacteraceae
Aeromonadaceae	0.000119049	3.77E-05	2.57E-05	4.85E-05	4.81E-05	0.000272689	4.84E-05	0.000970712	6.19E-05	3.69E-05	9.07E-05	k__Bacteria;p__Proteobacteria;c__Gammaproteobacteria;o__Aeromonadales;f__Aeromonadaceae
Succinivibrionaceae	0	0	0	0	0	0	0	0	0	0	0	k__Bacteria;p__Proteobacteria;c__Gammaproteobacteria;o__Aeromonadales;f__Succinivibrionaceae
Alteromonadaceae	0.104567168	0.042912546	0.030907787	0.000285923	0.000243747	0.031331617	0.037340308	0.036329784	0.002803546	0.009847334	0.005281764	k__Bacteria;p__Proteobacteria;c__Gammaproteobacteria;o__Alteromonadales;f__Alteromonadaceae
Colwelliaceae	0.001369649	0.000306745	0.00023038	1.05E-05	1.30E-05	0.000433682	0.000478626	0.00025181	3.00E-05	4.85E-05	6.32E-05	k__Bacteria;p__Proteobacteria;c__Gammaproteobacteria;o__Alteromonadales;f__Colwelliaceae
Idiomarinaceae	2.93E-05	1.00E-05	4.59E-05	0.000136195	4.09E-05	8.31E-05	0.000104303	8.08E-06	1.23E-05	1.13E-05	5.91E-06	k__Bacteria;p__Proteobacteria;c__Gammaproteobacteria;o__Alteromonadales;f__Idiomarinaceae
Moritellaceae	5.86E-07	1.00E-06	1.37E-06	2.18E-06	4.81E-07	3.45E-07	0	0	1.01E-06	0	5.57E-06	k__Bacteria;p__Proteobacteria;c__Gammaproteobacteria;o__Alteromonadales;f__Moritellaceae
Pseudoalteromonadaceae	0.000798449	0.001545072	0.000696059	7.42E-05	6.11E-05	0.000357839	0.00046108	0.000603826	6.34E-05	8.85E-05	6.57E-05	k__Bacteria;p__Proteobacteria;c__Gammaproteobacteria;o__Alteromonadales;f__Pseudoalteromonadaceae
Psychromonadaceae	0.000180626	0.000230309	0.000188294	2.10E-05	2.36E-05	1.59E-05	7.80E-06	1.33E-05	3.12E-05	7.84E-05	1.45E-05	k__Bacteria;p__Proteobacteria;c__Gammaproteobacteria;o__Alteromonadales;f__Psychromonadaceae
Shewanellaceae	0.000206136	0.000562087	0.00087834	0.000374101	0.001162486	0.001915026	0.000513069	0.000906709	0.002671111	0.002654748	0.001677161	k__Bacteria;p__Proteobacteria;c__Gammaproteobacteria;o__Alteromonadales;f__Shewanellaceae
Cardiobacteriaceae	0	6.34E-06	6.29E-06	5.24E-06	2.31E-05	0	0	0	0	1.71E-05	7.60E-06	k__Bacteria;p__Proteobacteria;c__Gammaproteobacteria;o__Cardiobacteriales;f__Cardiobacteriaceae
Cellvibrionaceae	1.23E-05	1.37E-05	1.09E-05	6.98E-06	4.81E-06	8.52E-05	2.05E-05	1.78E-05	0.000126392	1.07E-05	7.77E-06	k__Bacteria;p__Proteobacteria;c__Gammaproteobacteria;o__Cellvibrionales;f__Cellvibrionaceae
Halieaceae	0.007212722	0.010675316	0.011176836	0.002435365	0.011169577	0.01000364	0.009904928	0.007940897	0.003099385	0.003977852	0.002321781	k__Bacteria;p__Proteobacteria;c__Gammaproteobacteria;o__Cellvibrionales;f__Halieaceae
Microbulbiferaceae	1.47E-06	5.01E-06	2.19E-06	8.73E-06	1.49E-05	6.55E-06	2.92E-06	2.26E-06	6.04E-06	6.71E-06	2.87E-06	k__Bacteria;p__Proteobacteria;c__Gammaproteobacteria;o__Cellvibrionales;f__Microbulbiferaceae
Spongiibacteraceae	1.23E-05	8.68E-06	1.26E-05	0.000107821	1.35E-05	1.45E-05	2.50E-05	1.03E-05	7.30E-05	0.000150367	2.36E-05	k__Bacteria;p__Proteobacteria;c__Gammaproteobacteria;o__Cellvibrionales;f__Spongiibacteraceae
Chromatiaceae	0.000240444	0.000306077	0.000500933	0.000246636	0.000266824	0.000472982	0.000308036	0.000350724	0.000246239	0.000276638	9.09E-05	k__Bacteria;p__Proteobacteria;c__Gammaproteobacteria;o__Chromatiales;f__Chromatiaceae
Ectothiorhodospiraceae	4.11E-06	1.27E-05	3.77E-05	1.75E-05	3.85E-05	1.41E-05	8.45E-06	1.26E-05	5.06E-05	0.000136946	2.45E-05	k__Bacteria;p__Proteobacteria;c__Gammaproteobacteria;o__Chromatiales;f__Ectothiorhodospiraceae
Granulosicoccaceae	0.000480887	0.000665893	0.000699611	0.001034561	0.001654788	0.000572267	0.000597876	0.000461921	0.000559702	0.00052003	0.000284734	k__Bacteria;p__Proteobacteria;c__Gammaproteobacteria;o__Chromatiales;f__Granulosicoccaceae
Halothiobacillaceae	4.69E-06	3.00E-06	3.83E-06	3.49E-06	8.65E-06	3.45E-07	6.17E-06	3.56E-06	4.03E-06	1.04E-05	5.07E-07	k__Bacteria;p__Proteobacteria;c__Gammaproteobacteria;o__Chromatiales;f__Halothiobacillaceae
Thioalkalibacteraceae	0	0	0	0	0	0	0	0	0	0	0	k__Bacteria;p__Proteobacteria;c__Gammaproteobacteria;o__Chromatiales;f__Thioalkalibacteraceae
Thioalkalispiraceae	2.81E-05	2.00E-05	1.97E-05	3.45E-05	7.84E-05	2.55E-05	4.52E-05	0	0	0.000104616	1.15E-05	k__Bacteria;p__Proteobacteria;c__Gammaproteobacteria;o__Chromatiales;f__Thioalkalispiraceae
Wenzhouxiangellaceae	0	0	1.64E-06	4.37E-07	0	0	0	0	0	6.10E-07	1.69E-07	k__Bacteria;p__Proteobacteria;c__Gammaproteobacteria;o__Chromatiales;f__Wenzhouxiangellaceae
Woeseiaceae	0.000192062	0.000261684	0.000225461	0.000481486	0.000260574	0.000238559	0.001215899	0.000191039	4.20E-05	5.43E-05	1.72E-05	k__Bacteria;p__Proteobacteria;c__Gammaproteobacteria;o__Chromatiales;f__Woeseiaceae
Bruguierivoracaceae	0	0	0	2.62E-06	0	0	0	3.23E-07	2.52E-07	0	0	k__Bacteria;p__Proteobacteria;c__Gammaproteobacteria;o__Enterobacterales;f__Bruguierivoracaceae
Budviciaceae	0	0	0	0	0	0	0	0	0	0	0	k__Bacteria;p__Proteobacteria;c__Gammaproteobacteria;o__Enterobacterales;f__Budviciaceae
Enterobacteriaceae	0.000963534	0.001469304	0.000958413	0.002640531	0.032471244	0.000632941	0.000319734	0.001815358	0.003301059	0.00476354	0.001184534	k__Bacteria;p__Proteobacteria;c__Gammaproteobacteria;o__Enterobacterales;f__Enterobacteriaceae
Erwiniaceae	0	0	0	0	4.81E-06	0	9.75E-07	0	0	0	1.69E-07	k__Bacteria;p__Proteobacteria;c__Gammaproteobacteria;o__Enterobacterales;f__Erwiniaceae
Hafniaceae	0	0	0	0	0	0	0	0	0	1.83E-06	0	k__Bacteria;p__Proteobacteria;c__Gammaproteobacteria;o__Enterobacterales;f__Hafniaceae
Morganellaceae	6.74E-06	1.23E-05	5.33E-05	0.000103893	0.000116826	3.10E-06	1.33E-05	1.26E-05	5.49E-05	0.000224177	4.97E-05	k__Bacteria;p__Proteobacteria;c__Gammaproteobacteria;o__Enterobacterales;f__Morganellaceae
Pectobacteriaceae	0	0	0	2.18E-06	0	0	0	0	0	6.10E-07	3.38E-07	k__Bacteria;p__Proteobacteria;c__Gammaproteobacteria;o__Enterobacterales;f__Pectobacteriaceae
Yersiniaceae	3.81E-06	6.68E-07	0.000230926	3.49E-06	9.62E-07	7.24E-06	5.49E-05	1.29E-06	2.52E-07	9.15E-07	1.18E-06	k__Bacteria;p__Proteobacteria;c__Gammaproteobacteria;o__Enterobacterales;f__Yersiniaceae
Immundisolibacteraceae	8.80E-07	8.68E-06	0	0	0	5.17E-06	0	2.26E-06	0	1.22E-06	0	k__Bacteria;p__Proteobacteria;c__Gammaproteobacteria;o__Immundisolibacterales;f__Immundisolibacteraceae
Kangiellaceae	0.000378845	0.000154207	0.000297881	0.00407844	0.002257184	0.000572612	6.40E-05	0.000152896	0.000143513	0.000269928	0.003044086	k__Bacteria;p__Proteobacteria;c__Gammaproteobacteria;o__Kangiellales;f__Kangiellaceae
Coxiellaceae	0	0	0	0	0	0	0	0	0	0	3.38E-07	k__Bacteria;p__Proteobacteria;c__Gammaproteobacteria;o__Legionellales;f__Coxiellaceae
Legionellaceae	1.76E-06	2.67E-06	2.46E-06	2.75E-05	0.000113941	2.76E-06	1.95E-06	0	3.52E-06	2.75E-06	8.44E-07	k__Bacteria;p__Proteobacteria;c__Gammaproteobacteria;o__Legionellales;f__Legionellaceae
Methylococcaceae	5.86E-06	9.01E-06	5.47E-06	4.80E-06	6.73E-06	5.17E-06	7.80E-06	3.56E-06	7.55E-07	5.19E-06	2.53E-06	k__Bacteria;p__Proteobacteria;c__Gammaproteobacteria;o__Methylococcales;f__Methylococcaceae
Methylothermaceae	0	0	0	0	0	0	0	0	0	0	0	k__Bacteria;p__Proteobacteria;c__Gammaproteobacteria;o__Methylococcales;f__Methylothermaceae
Moraxellaceae	0.000341606	0.000182912	0.000261808	5.46E-05	0.000165863	0.000500906	9.98E-05	0.000595422	0.000181784	0.000303478	0.000187627	k__Bacteria;p__Proteobacteria;c__Gammaproteobacteria;o__Moraxellales;f__Moraxellaceae
Sinobacteraceae	0	0	6.56E-06	0	0	3.45E-07	0	0	0	0	0	k__Bacteria;p__Proteobacteria;c__Gammaproteobacteria;o__Nevskiales;f__Sinobacteraceae
Steroidobacteraceae	0	0	0	0	0	0	0	0	0	0	0	k__Bacteria;p__Proteobacteria;c__Gammaproteobacteria;o__Nevskiales;f__Steroidobacteraceae
Alcanivoracaceae	1.08E-05	1.37E-05	2.38E-05	0.000323464	0.000187979	1.65E-05	1.46E-05	2.07E-05	0.000866871	0.00241532	0.000646309	k__Bacteria;p__Proteobacteria;c__Gammaproteobacteria;o__Oceanospirillales;f__Alcanivoracaceae
Endozoicomonadaceae	0	3.34E-07	2.73E-07	0	0	0	0	0	0	0	0	k__Bacteria;p__Proteobacteria;c__Gammaproteobacteria;o__Oceanospirillales;f__Endozoicomonadaceae
Hahellaceae	0	1.00E-06	1.09E-06	4.37E-07	0	0	0	0	0	0	1.69E-07	k__Bacteria;p__Proteobacteria;c__Gammaproteobacteria;o__Oceanospirillales;f__Hahellaceae
Halomonadaceae	0.000102922	0.001021703	0.000187201	0.000136632	0.000185094	0.000135138	0.000155643	0.000319692	4.58E-05	4.48E-05	3.38E-05	k__Bacteria;p__Proteobacteria;c__Gammaproteobacteria;o__Oceanospirillales;f__Halomonadaceae
Oceanospirillaceae	2.55E-05	3.77E-05	5.44E-05	9.65E-05	0.000139421	5.34E-05	2.08E-05	5.04E-05	0.000143765	0.000288838	0.000696636	k__Bacteria;p__Proteobacteria;c__Gammaproteobacteria;o__Oceanospirillales;f__Oceanospirillaceae
Oleiphilaceae	2.93E-07	3.00E-06	1.09E-06	4.37E-07	9.62E-07	0	0	1.94E-06	1.76E-06	3.05E-07	2.36E-06	k__Bacteria;p__Proteobacteria;c__Gammaproteobacteria;o__Oceanospirillales;f__Oleiphilaceae
Saccharospirillaceae	5.86E-07	6.68E-07	2.19E-06	1.31E-06	4.81E-06	1.38E-06	6.50E-07	1.29E-06	5.04E-07	1.53E-06	6.76E-07	k__Bacteria;p__Proteobacteria;c__Gammaproteobacteria;o__Oceanospirillales;f__Saccharospirillaceae
Zooshikellaceae	0	0	0	0	0	0	0	0	0	0	0	k__Bacteria;p__Proteobacteria;c__Gammaproteobacteria;o__Oceanospirillales;f__Zooshikellaceae
Orbaceae	0	0	0	0	0	0	0	0	0	0	0	k__Bacteria;p__Proteobacteria;c__Gammaproteobacteria;o__Orbales;f__Orbaceae
Pasteurellaceae	2.35E-06	0	4.65E-06	1.62E-05	0.000123556	0	0	3.23E-06	1.76E-06	3.05E-06	1.69E-06	k__Bacteria;p__Proteobacteria;c__Gammaproteobacteria;o__Pasteurellales;f__Pasteurellaceae
Marinobacteraceae	0.001709202	0.008552135	0.014535517	0.056047008	0.03282124	0.004340955	0.014042623	0.00444336	0.005152633	0.009186697	0.006015047	k__Bacteria;p__Proteobacteria;c__Gammaproteobacteria;o__Pseudomonadales;f__Marinobacteraceae
Pseudomonadaceae	0.00066034	0.001499344	0.00181407	0.000739907	0.001453829	0.003219519	0.002068198	0.001549648	0.004662421	0.005216775	0.000764188	k__Bacteria;p__Proteobacteria;c__Gammaproteobacteria;o__Pseudomonadales;f__Pseudomonadaceae
Salinisphaeraceae	0	0	0	0	4.81E-07	0	0	0	2.52E-07	0	0	k__Bacteria;p__Proteobacteria;c__Gammaproteobacteria;o__Salinisphaerales;f__Salinisphaeraceae
Francisellaceae	0	0	0	4.37E-07	0	0	0	0	0	0	0	k__Bacteria;p__Proteobacteria;c__Gammaproteobacteria;o__Thiotrichales;f__Francisellaceae
Piscirickettsiaceae	5.75E-05	8.61E-05	0.000183375	0.000389816	0.000473552	2.86E-05	0.000200159	0.000160977	0.000842197	0.000621902	0.000290307	k__Bacteria;p__Proteobacteria;c__Gammaproteobacteria;o__Thiotrichales;f__Piscirickettsiaceae
Thiotrichaceae	0.000323426	0.000541393	0.000691139	0.000187705	6.97E-05	0.000329226	0.000493573	0.000286074	0.000220306	0.000130541	7.85E-05	k__Bacteria;p__Proteobacteria;c__Gammaproteobacteria;o__Thiotrichales;f__Thiotrichaceae
Vibrionaceae	0.056773429	0.044096133	0.030208995	0.009430655	0.004888403	0.069069866	0.043047753	0.056594491	0.152039803	0.105170292	0.110255708	k__Bacteria;p__Proteobacteria;c__Gammaproteobacteria;o__Vibrionales;f__Vibrionaceae
Rhodanobacteraceae	2.05E-06	3.67E-06	3.28E-06	0	1.78E-05	0	3.57E-06	0	2.01E-06	3.05E-06	8.44E-07	k__Bacteria;p__Proteobacteria;c__Gammaproteobacteria;o__Xanthomonadales;f__Rhodanobacteraceae
Xanthomonadaceae	0.00082308	0.001462294	0.00160282	7.94E-05	0.000503359	0.001450662	0.00203018	0.001324668	6.95E-05	0.000301953	5.76E-05	k__Bacteria;p__Proteobacteria;c__Gammaproteobacteria;o__Xanthomonadales;f__Xanthomonadaceae
Candidatus_Competibacteraceae	5.86E-07	1.67E-06	3.01E-06	3.93E-06	2.40E-06	2.76E-06	2.60E-06	2.59E-06	1.01E-06	3.66E-06	6.76E-07	k__Bacteria;p__Proteobacteria;c__Gammaproteobacteria;unclassified;f__Candidatus_Competibacteraceae
Celerinatantimonadaceae	1.17E-06	0	2.73E-07	0	9.62E-07	1.03E-06	0	0	4.78E-06	4.27E-06	9.63E-06	k__Bacteria;p__Proteobacteria;c__Gammaproteobacteria;unclassified;f__Celerinatantimonadaceae
Hydrogenophilaceae	0	0	0	0	0	0	0	0	0	0	0	k__Bacteria;p__Proteobacteria;c__Hydrogenophilalia;o__Hydrogenophilales;f__Hydrogenophilaceae
Bacteriovoracaceae	0	1.00E-06	0	1.44E-05	3.85E-06	0	0	3.23E-07	0	0	0	k__Bacteria;p__Proteobacteria;c__Oligoflexia;o__Bacteriovoracales;f__Bacteriovoracaceae
Halobacteriovoraceae	0	0	0	0.002113647	0.001270177	2.07E-06	9.75E-07	6.46E-07	5.04E-07	3.05E-07	0	k__Bacteria;p__Proteobacteria;c__Oligoflexia;o__Bacteriovoracales;f__Halobacteriovoraceae
Bdellovibrionaceae	0	0	0	0	0	0	0	0	0	6.10E-07	0	k__Bacteria;p__Proteobacteria;c__Oligoflexia;o__Bdellovibrionales;f__Bdellovibrionaceae
Silvanigrellaceae	0	0	0	0	0	1.03E-06	1.95E-06	0	5.04E-07	1.22E-06	0	k__Bacteria;p__Proteobacteria;c__Oligoflexia;o__Silvanigrellales;f__Silvanigrellaceae
Mariprofundaceae	0	6.68E-07	2.46E-06	1.31E-06	5.77E-06	1.38E-06	4.55E-06	2.59E-06	5.04E-07	3.05E-06	1.69E-07	k__Bacteria;p__Proteobacteria;c__Zetaproteobacteria;o__Mariprofundales;f__Mariprofundaceae
Salisaetaceae	0.000192062	0	0	0	0.000474514	0	0.000223229	0.000364623	0	0	0.000124466	k__Bacteria;p__Rhodothermaeota;c__Rhodothermia;o__Rhodothermales;f__Salisaetaceae
Brachyspiraceae	0	0	0	0	0	0	0	0	0	0	0	k__Bacteria;p__Spirochaetes;c__Spirochaetia;o__Brachyspirales;f__Brachyspiraceae
Leptospiraceae	0	0	0	0	0	0	0	0	0	0	0	k__Bacteria;p__Spirochaetes;c__Spirochaetia;o__Leptospirales;f__Leptospiraceae
Sphaerochaetaceae	0	0	0	0	4.81E-07	0	0	0	0	0	1.69E-07	k__Bacteria;p__Spirochaetes;c__Spirochaetia;o__Spirochaetales;f__Sphaerochaetaceae
Spirochaetaceae	9.97E-06	1.60E-05	9.84E-06	8.73E-07	2.88E-06	8.62E-06	4.87E-06	1.03E-05	4.53E-06	5.19E-06	1.52E-06	k__Bacteria;p__Spirochaetes;c__Spirochaetia;o__Spirochaetales;f__Spirochaetaceae
Treponemataceae	0	0	0	0	0	0	0	0	0	0	0	k__Bacteria;p__Spirochaetes;c__Spirochaetia;o__Spirochaetales;f__Treponemataceae
Synergistaceae	0	1.34E-06	1.09E-06	0	0	1.55E-05	4.06E-05	1.62E-06	0	0	0	k__Bacteria;p__Synergistetes;c__Synergistia;o__Synergistales;f__Synergistaceae
Acholeplasmataceae	5.57E-06	8.01E-06	5.74E-06	3.93E-06	3.85E-06	5.90E-05	5.59E-05	6.43E-05	1.51E-06	2.71E-05	4.09E-05	k__Bacteria;p__Tenericutes;c__Mollicutes;o__Acholeplasmatales;f__Acholeplasmataceae
Entomoplasmataceae	0	0	0	0	0	0	0	0	0	0	0	k__Bacteria;p__Tenericutes;c__Mollicutes;o__Entomoplasmatales;f__Entomoplasmataceae
Mycoplasmataceae	0	0	0	0	0	0	0	0	0	0	0	k__Bacteria;p__Tenericutes;c__Mollicutes;o__Mycoplasmatales;f__Mycoplasmataceae
Metamycoplasmataceae	0	0	0	0	0	0	0	0	0	0	0	k__Bacteria;p__Tenericutes;unclassified;o__Mycoplasmoidales;f__Metamycoplasmataceae
Fervidobacteriaceae	0	0	0	0	0	0	0	0	0	0	0	k__Bacteria;p__Thermotogae;c__Thermotogae;o__Thermotogales;f__Fervidobacteriaceae
Opitutaceae	0	3.34E-07	0	0	0	0	6.50E-07	0	0	0	1.35E-06	k__Bacteria;p__Verrucomicrobia;c__Opitutae;o__Opitutales;f__Opitutaceae
Puniceicoccaceae	0	5.01E-06	0	0	0	0	0	0	0	0	0	k__Bacteria;p__Verrucomicrobia;c__Opitutae;o__Puniceicoccales;f__Puniceicoccaceae
Akkermansiaceae	2.93E-06	2.00E-06	5.47E-06	6.55E-06	0.000177882	1.38E-06	3.57E-06	4.20E-06	1.26E-06	6.10E-07	6.76E-07	k__Bacteria;p__Verrucomicrobia;c__Verrucomicrobiae;o__Verrucomicrobiales;f__Akkermansiaceae
Verrucomicrobia_subdivision_3	0	0	0	0	0	0	0	0	0	0	0	k__Bacteria;p__Verrucomicrobia;c__Verrucomicrobiae;o__Verrucomicrobiales;f__Verrucomicrobia_subdivision_3
Verrucomicrobiaceae	2.05E-06	3.00E-06	2.19E-06	1.75E-06	1.92E-06	3.79E-06	1.62E-06	3.56E-06	5.04E-07	0	3.38E-07	k__Bacteria;p__Verrucomicrobia;c__Verrucomicrobiae;o__Verrucomicrobiales;f__Verrucomicrobiaceae
Candidatus_Babeliaceae	0	0	0	0	0	0	0	0	0	0	0	k__Bacteria;unclassified;c__Candidatus_Babeliae;o__Candidatus_Babeliales;f__Candidatus_Babeliaceae
Candidatus_Chromulinivoraceae	0	0	0	0	0	0	0	0	0	3.05E-07	0	k__Bacteria;unclassified;c__Candidatus_Babeliae;o__Candidatus_Babeliales;f__Candidatus_Chromulinivoraceae
Candidatus_Chazhemtobacteraceae	0	0	0	0	0	0	0	0	0	0	0	k__Bacteria;unclassified;unclassified;unclassified;f__Candidatus_Chazhemtobacteraceae
